date,geo,region,population,bookings
2024-01-01,0,2,1436350,697
2024-01-08,0,2,1436350,705
2024-01-15,0,2,1436350,773
2024-01-22,0,2,1436350,800
2024-01-29,0,2,1436350,820
2024-02-05,0,2,1436350,792
2024-02-12,0,2,1436350,937
2024-02-19,0,2,1436350,1061
2024-02-26,0,2,1436350,1119
2024-03-04,0,2,1436350,972
2024-03-11,0,2,1436350,1249
2024-03-18,0,2,1436350,1269
2024-03-25,0,2,1436350,1335
2024-04-01,0,2,1436350,1192
2024-04-08,0,2,1436350,1249
2024-04-15,0,2,1436350,1347
2024-04-22,0,2,1436350,1368
2024-04-29,0,2,1436350,1508
2024-05-06,0,2,1436350,1669
2024-05-13,0,2,1436350,1482
2024-05-20,0,2,1436350,1618
2024-05-27,0,2,1436350,1665
2024-06-03,0,2,1436350,1654
2024-06-10,0,2,1436350,1450
2024-06-17,0,2,1436350,1696
2024-06-24,0,2,1436350,1732
2024-07-01,0,2,1436350,1472
2024-07-08,0,2,1436350,1487
2024-07-15,0,2,1436350,1567
2024-07-22,0,2,1436350,1641
2024-07-29,0,2,1436350,1603
2024-08-05,0,2,1436350,1628
2024-08-12,0,2,1436350,1858
2024-08-19,0,2,1436350,1931
2024-08-26,0,2,1436350,1665
2024-09-02,0,2,1436350,1514
2024-09-09,0,2,1436350,1455
2024-09-16,0,2,1436350,1219
2024-09-23,0,2,1436350,1094
2024-09-30,0,2,1436350,972
2024-10-07,0,2,1436350,930
2024-10-14,0,2,1436350,1148
2024-10-21,0,2,1436350,1063
2024-10-28,0,2,1436350,980
2024-11-04,0,2,1436350,1093
2024-11-11,0,2,1436350,1041
2024-11-18,0,2,1436350,1075
2024-11-25,0,2,1436350,995
2024-12-02,0,2,1436350,847
2024-12-09,0,2,1436350,933
2024-12-16,0,2,1436350,827
2024-12-23,0,2,1436350,839
2024-12-30,0,2,1436350,833
2025-01-06,0,2,1436350,908
2025-01-13,0,2,1436350,905
2025-01-20,0,2,1436350,946
2025-01-27,0,2,1436350,861
2025-02-03,0,2,1436350,1118
2025-02-10,0,2,1436350,1031
2025-02-17,0,2,1436350,1199
2025-02-24,0,2,1436350,1236
2025-03-03,0,2,1436350,1276
2025-03-10,0,2,1436350,1340
2025-03-17,0,2,1436350,1167
2025-03-24,0,2,1436350,1358
2025-03-31,0,2,1436350,1347
2025-04-07,0,2,1436350,1551
2025-04-14,0,2,1436350,1552
2025-04-21,0,2,1436350,1536
2025-04-28,0,2,1436350,1418
2025-05-05,0,2,1436350,1407
2025-05-12,0,2,1436350,1565
2025-05-19,0,2,1436350,1451
2025-05-26,0,2,1436350,1279
2025-06-02,0,2,1436350,1317
2025-06-09,0,2,1436350,1589
2025-06-16,0,2,1436350,1920
2025-06-23,0,2,1436350,1799
2025-06-30,0,2,1436350,1585
2025-07-07,0,2,1436350,1608
2025-07-14,0,2,1436350,1696
2025-07-21,0,2,1436350,1808
2025-07-28,0,2,1436350,2101
2025-08-04,0,2,1436350,2021
2025-08-11,0,2,1436350,2154
2025-08-18,0,2,1436350,1937
2025-08-25,0,2,1436350,1851
2025-09-01,0,2,1436350,1687
2025-09-08,0,2,1436350,1552
2025-09-15,0,2,1436350,1500
2025-09-22,0,2,1436350,1449
2025-09-29,0,2,1436350,1363
2025-10-06,0,2,1436350,1298
2025-10-13,0,2,1436350,1429
2025-10-20,0,2,1436350,1613
2025-10-27,0,2,1436350,1442
2025-11-03,0,2,1436350,1335
2025-11-10,0,2,1436350,1340
2025-11-17,0,2,1436350,1596
2025-11-24,0,2,1436350,1461
2025-12-01,0,2,1436350,1449
2025-12-08,0,2,1436350,1492
2025-12-15,0,2,1436350,1410
2025-12-22,0,2,1436350,1409
2024-01-01,1,7,2876785,1970
2024-01-08,1,7,2876785,2295
2024-01-15,1,7,2876785,2343
2024-01-22,1,7,2876785,2370
2024-01-29,1,7,2876785,2215
2024-02-05,1,7,2876785,2243
2024-02-12,1,7,2876785,2143
2024-02-19,1,7,2876785,2188
2024-02-26,1,7,2876785,2099
2024-03-04,1,7,2876785,2642
2024-03-11,1,7,2876785,2565
2024-03-18,1,7,2876785,2505
2024-03-25,1,7,2876785,2378
2024-04-01,1,7,2876785,2436
2024-04-08,1,7,2876785,2567
2024-04-15,1,7,2876785,2797
2024-04-22,1,7,2876785,2828
2024-04-29,1,7,2876785,2610
2024-05-06,1,7,2876785,2486
2024-05-13,1,7,2876785,3024
2024-05-20,1,7,2876785,3195
2024-05-27,1,7,2876785,3550
2024-06-03,1,7,2876785,3850
2024-06-10,1,7,2876785,3879
2024-06-17,1,7,2876785,3486
2024-06-24,1,7,2876785,3630
2024-07-01,1,7,2876785,4087
2024-07-08,1,7,2876785,3841
2024-07-15,1,7,2876785,3890
2024-07-22,1,7,2876785,3801
2024-07-29,1,7,2876785,4123
2024-08-05,1,7,2876785,3727
2024-08-12,1,7,2876785,3949
2024-08-19,1,7,2876785,3644
2024-08-26,1,7,2876785,3322
2024-09-02,1,7,2876785,3289
2024-09-09,1,7,2876785,3295
2024-09-16,1,7,2876785,3658
2024-09-23,1,7,2876785,3474
2024-09-30,1,7,2876785,3287
2024-10-07,1,7,2876785,3450
2024-10-14,1,7,2876785,3303
2024-10-21,1,7,2876785,2907
2024-10-28,1,7,2876785,3037
2024-11-04,1,7,2876785,2675
2024-11-11,1,7,2876785,2435
2024-11-18,1,7,2876785,2223
2024-11-25,1,7,2876785,2056
2024-12-02,1,7,2876785,2174
2024-12-09,1,7,2876785,2144
2024-12-16,1,7,2876785,1540
2024-12-23,1,7,2876785,1710
2024-12-30,1,7,2876785,1791
2025-01-06,1,7,2876785,2119
2025-01-13,1,7,2876785,2098
2025-01-20,1,7,2876785,2690
2025-01-27,1,7,2876785,2925
2025-02-03,1,7,2876785,2770
2025-02-10,1,7,2876785,3000
2025-02-17,1,7,2876785,3070
2025-02-24,1,7,2876785,3090
2025-03-03,1,7,2876785,3266
2025-03-10,1,7,2876785,3255
2025-03-17,1,7,2876785,3323
2025-03-24,1,7,2876785,3550
2025-03-31,1,7,2876785,4067
2025-04-07,1,7,2876785,4004
2025-04-14,1,7,2876785,3793
2025-04-21,1,7,2876785,3215
2025-04-28,1,7,2876785,3963
2025-05-05,1,7,2876785,3873
2025-05-12,1,7,2876785,4064
2025-05-19,1,7,2876785,4638
2025-05-26,1,7,2876785,4540
2025-06-02,1,7,2876785,4342
2025-06-09,1,7,2876785,4719
2025-06-16,1,7,2876785,4678
2025-06-23,1,7,2876785,4683
2025-06-30,1,7,2876785,3997
2025-07-07,1,7,2876785,4384
2025-07-14,1,7,2876785,4370
2025-07-21,1,7,2876785,3786
2025-07-28,1,7,2876785,3946
2025-08-04,1,7,2876785,3243
2025-08-11,1,7,2876785,4080
2025-08-18,1,7,2876785,3588
2025-08-25,1,7,2876785,4016
2025-09-01,1,7,2876785,3577
2025-09-08,1,7,2876785,3630
2025-09-15,1,7,2876785,3233
2025-09-22,1,7,2876785,3436
2025-09-29,1,7,2876785,3222
2025-10-06,1,7,2876785,3221
2025-10-13,1,7,2876785,3080
2025-10-20,1,7,2876785,2639
2025-10-27,1,7,2876785,2744
2025-11-03,1,7,2876785,2572
2025-11-10,1,7,2876785,2769
2025-11-17,1,7,2876785,2620
2025-11-24,1,7,2876785,2542
2025-12-01,1,7,2876785,2834
2025-12-08,1,7,2876785,3170
2025-12-15,1,7,2876785,3092
2025-12-22,1,7,2876785,2837
2024-01-01,2,4,2329984,1348
2024-01-08,2,4,2329984,1382
2024-01-15,2,4,2329984,1435
2024-01-22,2,4,2329984,1275
2024-01-29,2,4,2329984,1129
2024-02-05,2,4,2329984,1166
2024-02-12,2,4,2329984,1411
2024-02-19,2,4,2329984,1626
2024-02-26,2,4,2329984,1880
2024-03-04,2,4,2329984,1853
2024-03-11,2,4,2329984,1969
2024-03-18,2,4,2329984,2099
2024-03-25,2,4,2329984,1993
2024-04-01,2,4,2329984,2064
2024-04-08,2,4,2329984,2175
2024-04-15,2,4,2329984,2022
2024-04-22,2,4,2329984,2342
2024-04-29,2,4,2329984,2308
2024-05-06,2,4,2329984,2317
2024-05-13,2,4,2329984,2151
2024-05-20,2,4,2329984,2068
2024-05-27,2,4,2329984,1755
2024-06-03,2,4,2329984,1950
2024-06-10,2,4,2329984,2551
2024-06-17,2,4,2329984,2316
2024-06-24,2,4,2329984,2905
2024-07-01,2,4,2329984,3021
2024-07-08,2,4,2329984,2736
2024-07-15,2,4,2329984,2624
2024-07-22,2,4,2329984,2506
2024-07-29,2,4,2329984,2756
2024-08-05,2,4,2329984,2693
2024-08-12,2,4,2329984,2755
2024-08-19,2,4,2329984,2630
2024-08-26,2,4,2329984,2443
2024-09-02,2,4,2329984,2372
2024-09-09,2,4,2329984,2182
2024-09-16,2,4,2329984,1863
2024-09-23,2,4,2329984,1994
2024-09-30,2,4,2329984,1704
2024-10-07,2,4,2329984,1680
2024-10-14,2,4,2329984,1623
2024-10-21,2,4,2329984,1723
2024-10-28,2,4,2329984,1899
2024-11-04,2,4,2329984,1952
2024-11-11,2,4,2329984,1902
2024-11-18,2,4,2329984,1692
2024-11-25,2,4,2329984,1599
2024-12-02,2,4,2329984,1511
2024-12-09,2,4,2329984,1432
2024-12-16,2,4,2329984,1385
2024-12-23,2,4,2329984,1350
2024-12-30,2,4,2329984,1324
2025-01-06,2,4,2329984,1477
2025-01-13,2,4,2329984,1357
2025-01-20,2,4,2329984,1319
2025-01-27,2,4,2329984,1198
2025-02-03,2,4,2329984,1489
2025-02-10,2,4,2329984,1437
2025-02-17,2,4,2329984,1599
2025-02-24,2,4,2329984,1709
2025-03-03,2,4,2329984,1922
2025-03-10,2,4,2329984,1883
2025-03-17,2,4,2329984,1765
2025-03-24,2,4,2329984,1601
2025-03-31,2,4,2329984,1304
2025-04-07,2,4,2329984,1559
2025-04-14,2,4,2329984,1860
2025-04-21,2,4,2329984,2045
2025-04-28,2,4,2329984,1849
2025-05-05,2,4,2329984,2166
2025-05-12,2,4,2329984,2095
2025-05-19,2,4,2329984,2014
2025-05-26,2,4,2329984,1995
2025-06-02,2,4,2329984,2136
2025-06-09,2,4,2329984,1942
2025-06-16,2,4,2329984,2083
2025-06-23,2,4,2329984,2271
2025-06-30,2,4,2329984,2532
2025-07-07,2,4,2329984,2530
2025-07-14,2,4,2329984,2229
2025-07-21,2,4,2329984,2296
2025-07-28,2,4,2329984,2103
2025-08-04,2,4,2329984,1948
2025-08-11,2,4,2329984,1785
2025-08-18,2,4,2329984,1562
2025-08-25,2,4,2329984,1639
2025-09-01,2,4,2329984,1973
2025-09-08,2,4,2329984,2371
2025-09-15,2,4,2329984,2144
2025-09-22,2,4,2329984,2242
2025-09-29,2,4,2329984,2051
2025-10-06,2,4,2329984,1885
2025-10-13,2,4,2329984,2005
2025-10-20,2,4,2329984,1991
2025-10-27,2,4,2329984,2206
2025-11-03,2,4,2329984,1830
2025-11-10,2,4,2329984,2194
2025-11-17,2,4,2329984,2253
2025-11-24,2,4,2329984,2056
2025-12-01,2,4,2329984,1879
2025-12-08,2,4,2329984,1698
2025-12-15,2,4,2329984,1683
2025-12-22,2,4,2329984,1635
2024-01-01,3,4,1996646,1969
2024-01-08,3,4,1996646,2065
2024-01-15,3,4,1996646,2017
2024-01-22,3,4,1996646,1919
2024-01-29,3,4,1996646,1935
2024-02-05,3,4,1996646,1866
2024-02-12,3,4,1996646,1612
2024-02-19,3,4,1996646,1705
2024-02-26,3,4,1996646,1891
2024-03-04,3,4,1996646,1888
2024-03-11,3,4,1996646,1969
2024-03-18,3,4,1996646,2053
2024-03-25,3,4,1996646,2405
2024-04-01,3,4,1996646,2364
2024-04-08,3,4,1996646,2678
2024-04-15,3,4,1996646,2127
2024-04-22,3,4,1996646,2552
2024-04-29,3,4,1996646,2865
2024-05-06,3,4,1996646,3023
2024-05-13,3,4,1996646,2525
2024-05-20,3,4,1996646,2830
2024-05-27,3,4,1996646,2820
2024-06-03,3,4,1996646,2266
2024-06-10,3,4,1996646,2728
2024-06-17,3,4,1996646,3087
2024-06-24,3,4,1996646,2582
2024-07-01,3,4,1996646,2690
2024-07-08,3,4,1996646,3030
2024-07-15,3,4,1996646,3219
2024-07-22,3,4,1996646,3247
2024-07-29,3,4,1996646,2488
2024-08-05,3,4,1996646,2682
2024-08-12,3,4,1996646,2594
2024-08-19,3,4,1996646,2768
2024-08-26,3,4,1996646,2712
2024-09-02,3,4,1996646,2596
2024-09-09,3,4,1996646,2623
2024-09-16,3,4,1996646,2462
2024-09-23,3,4,1996646,2359
2024-09-30,3,4,1996646,2173
2024-10-07,3,4,1996646,1847
2024-10-14,3,4,1996646,1979
2024-10-21,3,4,1996646,1824
2024-10-28,3,4,1996646,1802
2024-11-04,3,4,1996646,1848
2024-11-11,3,4,1996646,1510
2024-11-18,3,4,1996646,1309
2024-11-25,3,4,1996646,1392
2024-12-02,3,4,1996646,1550
2024-12-09,3,4,1996646,1695
2024-12-16,3,4,1996646,1472
2024-12-23,3,4,1996646,1626
2024-12-30,3,4,1996646,1617
2025-01-06,3,4,1996646,1529
2025-01-13,3,4,1996646,1508
2025-01-20,3,4,1996646,1707
2025-01-27,3,4,1996646,1787
2025-02-03,3,4,1996646,1827
2025-02-10,3,4,1996646,1900
2025-02-17,3,4,1996646,2074
2025-02-24,3,4,1996646,2061
2025-03-03,3,4,1996646,2093
2025-03-10,3,4,1996646,2314
2025-03-17,3,4,1996646,2248
2025-03-24,3,4,1996646,2382
2025-03-31,3,4,1996646,2297
2025-04-07,3,4,1996646,2267
2025-04-14,3,4,1996646,2318
2025-04-21,3,4,1996646,2489
2025-04-28,3,4,1996646,2761
2025-05-05,3,4,1996646,2749
2025-05-12,3,4,1996646,2422
2025-05-19,3,4,1996646,2637
2025-05-26,3,4,1996646,3183
2025-06-02,3,4,1996646,3077
2025-06-09,3,4,1996646,2610
2025-06-16,3,4,1996646,2685
2025-06-23,3,4,1996646,2696
2025-06-30,3,4,1996646,2680
2025-07-07,3,4,1996646,2885
2025-07-14,3,4,1996646,3108
2025-07-21,3,4,1996646,3100
2025-07-28,3,4,1996646,2906
2025-08-04,3,4,1996646,3017
2025-08-11,3,4,1996646,2537
2025-08-18,3,4,1996646,2349
2025-08-25,3,4,1996646,2226
2025-09-01,3,4,1996646,2234
2025-09-08,3,4,1996646,2319
2025-09-15,3,4,1996646,2225
2025-09-22,3,4,1996646,2016
2025-09-29,3,4,1996646,2181
2025-10-06,3,4,1996646,2067
2025-10-13,3,4,1996646,2026
2025-10-20,3,4,1996646,2051
2025-10-27,3,4,1996646,1972
2025-11-03,3,4,1996646,1904
2025-11-10,3,4,1996646,1989
2025-11-17,3,4,1996646,1909
2025-11-24,3,4,1996646,1946
2025-12-01,3,4,1996646,1921
2025-12-08,3,4,1996646,2098
2025-12-15,3,4,1996646,2006
2025-12-22,3,4,1996646,1975
2024-01-01,4,2,890046,695
2024-01-08,4,2,890046,742
2024-01-15,4,2,890046,635
2024-01-22,4,2,890046,685
2024-01-29,4,2,890046,747
2024-02-05,4,2,890046,761
2024-02-12,4,2,890046,730
2024-02-19,4,2,890046,867
2024-02-26,4,2,890046,875
2024-03-04,4,2,890046,967
2024-03-11,4,2,890046,1007
2024-03-18,4,2,890046,989
2024-03-25,4,2,890046,917
2024-04-01,4,2,890046,907
2024-04-08,4,2,890046,893
2024-04-15,4,2,890046,819
2024-04-22,4,2,890046,902
2024-04-29,4,2,890046,1035
2024-05-06,4,2,890046,998
2024-05-13,4,2,890046,1161
2024-05-20,4,2,890046,995
2024-05-27,4,2,890046,1082
2024-06-03,4,2,890046,1194
2024-06-10,4,2,890046,1125
2024-06-17,4,2,890046,1076
2024-06-24,4,2,890046,1140
2024-07-01,4,2,890046,1138
2024-07-08,4,2,890046,934
2024-07-15,4,2,890046,880
2024-07-22,4,2,890046,904
2024-07-29,4,2,890046,810
2024-08-05,4,2,890046,810
2024-08-12,4,2,890046,738
2024-08-19,4,2,890046,756
2024-08-26,4,2,890046,765
2024-09-02,4,2,890046,812
2024-09-09,4,2,890046,806
2024-09-16,4,2,890046,834
2024-09-23,4,2,890046,836
2024-09-30,4,2,890046,871
2024-10-07,4,2,890046,876
2024-10-14,4,2,890046,864
2024-10-21,4,2,890046,984
2024-10-28,4,2,890046,900
2024-11-04,4,2,890046,961
2024-11-11,4,2,890046,878
2024-11-18,4,2,890046,793
2024-11-25,4,2,890046,718
2024-12-02,4,2,890046,760
2024-12-09,4,2,890046,795
2024-12-16,4,2,890046,768
2024-12-23,4,2,890046,777
2024-12-30,4,2,890046,668
2025-01-06,4,2,890046,580
2025-01-13,4,2,890046,662
2025-01-20,4,2,890046,656
2025-01-27,4,2,890046,702
2025-02-03,4,2,890046,664
2025-02-10,4,2,890046,772
2025-02-17,4,2,890046,679
2025-02-24,4,2,890046,625
2025-03-03,4,2,890046,760
2025-03-10,4,2,890046,618
2025-03-17,4,2,890046,706
2025-03-24,4,2,890046,746
2025-03-31,4,2,890046,740
2025-04-07,4,2,890046,777
2025-04-14,4,2,890046,763
2025-04-21,4,2,890046,931
2025-04-28,4,2,890046,1078
2025-05-05,4,2,890046,1002
2025-05-12,4,2,890046,1024
2025-05-19,4,2,890046,918
2025-05-26,4,2,890046,1033
2025-06-02,4,2,890046,1115
2025-06-09,4,2,890046,1065
2025-06-16,4,2,890046,1054
2025-06-23,4,2,890046,1036
2025-06-30,4,2,890046,898
2025-07-07,4,2,890046,1054
2025-07-14,4,2,890046,973
2025-07-21,4,2,890046,913
2025-07-28,4,2,890046,914
2025-08-04,4,2,890046,999
2025-08-11,4,2,890046,928
2025-08-18,4,2,890046,771
2025-08-25,4,2,890046,738
2025-09-01,4,2,890046,802
2025-09-08,4,2,890046,961
2025-09-15,4,2,890046,824
2025-09-22,4,2,890046,722
2025-09-29,4,2,890046,634
2025-10-06,4,2,890046,562
2025-10-13,4,2,890046,681
2025-10-20,4,2,890046,770
2025-10-27,4,2,890046,747
2025-11-03,4,2,890046,691
2025-11-10,4,2,890046,772
2025-11-17,4,2,890046,736
2025-11-24,4,2,890046,756
2025-12-01,4,2,890046,686
2025-12-08,4,2,890046,667
2025-12-15,4,2,890046,589
2025-12-22,4,2,890046,630
2024-01-01,5,5,889986,735
2024-01-08,5,5,889986,861
2024-01-15,5,5,889986,899
2024-01-22,5,5,889986,879
2024-01-29,5,5,889986,782
2024-02-05,5,5,889986,812
2024-02-12,5,5,889986,856
2024-02-19,5,5,889986,833
2024-02-26,5,5,889986,861
2024-03-04,5,5,889986,969
2024-03-11,5,5,889986,896
2024-03-18,5,5,889986,835
2024-03-25,5,5,889986,925
2024-04-01,5,5,889986,982
2024-04-08,5,5,889986,1076
2024-04-15,5,5,889986,1117
2024-04-22,5,5,889986,1062
2024-04-29,5,5,889986,1111
2024-05-06,5,5,889986,1019
2024-05-13,5,5,889986,1035
2024-05-20,5,5,889986,1117
2024-05-27,5,5,889986,1102
2024-06-03,5,5,889986,1353
2024-06-10,5,5,889986,1131
2024-06-17,5,5,889986,1099
2024-06-24,5,5,889986,1039
2024-07-01,5,5,889986,1018
2024-07-08,5,5,889986,1007
2024-07-15,5,5,889986,932
2024-07-22,5,5,889986,1073
2024-07-29,5,5,889986,1044
2024-08-05,5,5,889986,1084
2024-08-12,5,5,889986,1051
2024-08-19,5,5,889986,998
2024-08-26,5,5,889986,1163
2024-09-02,5,5,889986,1201
2024-09-09,5,5,889986,980
2024-09-16,5,5,889986,816
2024-09-23,5,5,889986,940
2024-09-30,5,5,889986,892
2024-10-07,5,5,889986,766
2024-10-14,5,5,889986,874
2024-10-21,5,5,889986,874
2024-10-28,5,5,889986,872
2024-11-04,5,5,889986,900
2024-11-11,5,5,889986,773
2024-11-18,5,5,889986,663
2024-11-25,5,5,889986,786
2024-12-02,5,5,889986,681
2024-12-09,5,5,889986,620
2024-12-16,5,5,889986,590
2024-12-23,5,5,889986,752
2024-12-30,5,5,889986,773
2025-01-06,5,5,889986,817
2025-01-13,5,5,889986,806
2025-01-20,5,5,889986,756
2025-01-27,5,5,889986,799
2025-02-03,5,5,889986,703
2025-02-10,5,5,889986,668
2025-02-17,5,5,889986,765
2025-02-24,5,5,889986,706
2025-03-03,5,5,889986,748
2025-03-10,5,5,889986,789
2025-03-17,5,5,889986,799
2025-03-24,5,5,889986,709
2025-03-31,5,5,889986,748
2025-04-07,5,5,889986,768
2025-04-14,5,5,889986,867
2025-04-21,5,5,889986,943
2025-04-28,5,5,889986,1026
2025-05-05,5,5,889986,1002
2025-05-12,5,5,889986,1095
2025-05-19,5,5,889986,980
2025-05-26,5,5,889986,875
2025-06-02,5,5,889986,753
2025-06-09,5,5,889986,839
2025-06-16,5,5,889986,878
2025-06-23,5,5,889986,1053
2025-06-30,5,5,889986,1037
2025-07-07,5,5,889986,1113
2025-07-14,5,5,889986,1215
2025-07-21,5,5,889986,1138
2025-07-28,5,5,889986,1174
2025-08-04,5,5,889986,1258
2025-08-11,5,5,889986,1101
2025-08-18,5,5,889986,1102
2025-08-25,5,5,889986,1032
2025-09-01,5,5,889986,933
2025-09-08,5,5,889986,828
2025-09-15,5,5,889986,779
2025-09-22,5,5,889986,841
2025-09-29,5,5,889986,742
2025-10-06,5,5,889986,826
2025-10-13,5,5,889986,936
2025-10-20,5,5,889986,971
2025-10-27,5,5,889986,910
2025-11-03,5,5,889986,1028
2025-11-10,5,5,889986,1114
2025-11-17,5,5,889986,1030
2025-11-24,5,5,889986,793
2025-12-01,5,5,889986,861
2025-12-08,5,5,889986,690
2025-12-15,5,5,889986,823
2025-12-22,5,5,889986,889
2024-01-01,6,2,645209,363
2024-01-08,6,2,645209,396
2024-01-15,6,2,645209,424
2024-01-22,6,2,645209,437
2024-01-29,6,2,645209,428
2024-02-05,6,2,645209,494
2024-02-12,6,2,645209,548
2024-02-19,6,2,645209,455
2024-02-26,6,2,645209,449
2024-03-04,6,2,645209,477
2024-03-11,6,2,645209,550
2024-03-18,6,2,645209,568
2024-03-25,6,2,645209,553
2024-04-01,6,2,645209,615
2024-04-08,6,2,645209,620
2024-04-15,6,2,645209,633
2024-04-22,6,2,645209,652
2024-04-29,6,2,645209,703
2024-05-06,6,2,645209,696
2024-05-13,6,2,645209,750
2024-05-20,6,2,645209,749
2024-05-27,6,2,645209,693
2024-06-03,6,2,645209,715
2024-06-10,6,2,645209,673
2024-06-17,6,2,645209,709
2024-06-24,6,2,645209,783
2024-07-01,6,2,645209,717
2024-07-08,6,2,645209,759
2024-07-15,6,2,645209,712
2024-07-22,6,2,645209,741
2024-07-29,6,2,645209,799
2024-08-05,6,2,645209,652
2024-08-12,6,2,645209,610
2024-08-19,6,2,645209,621
2024-08-26,6,2,645209,664
2024-09-02,6,2,645209,660
2024-09-09,6,2,645209,659
2024-09-16,6,2,645209,767
2024-09-23,6,2,645209,658
2024-09-30,6,2,645209,702
2024-10-07,6,2,645209,649
2024-10-14,6,2,645209,652
2024-10-21,6,2,645209,723
2024-10-28,6,2,645209,697
2024-11-04,6,2,645209,660
2024-11-11,6,2,645209,684
2024-11-18,6,2,645209,676
2024-11-25,6,2,645209,586
2024-12-02,6,2,645209,568
2024-12-09,6,2,645209,474
2024-12-16,6,2,645209,456
2024-12-23,6,2,645209,478
2024-12-30,6,2,645209,458
2025-01-06,6,2,645209,480
2025-01-13,6,2,645209,487
2025-01-20,6,2,645209,517
2025-01-27,6,2,645209,504
2025-02-03,6,2,645209,477
2025-02-10,6,2,645209,565
2025-02-17,6,2,645209,548
2025-02-24,6,2,645209,593
2025-03-03,6,2,645209,669
2025-03-10,6,2,645209,670
2025-03-17,6,2,645209,627
2025-03-24,6,2,645209,636
2025-03-31,6,2,645209,711
2025-04-07,6,2,645209,729
2025-04-14,6,2,645209,669
2025-04-21,6,2,645209,733
2025-04-28,6,2,645209,795
2025-05-05,6,2,645209,777
2025-05-12,6,2,645209,828
2025-05-19,6,2,645209,846
2025-05-26,6,2,645209,833
2025-06-02,6,2,645209,754
2025-06-09,6,2,645209,856
2025-06-16,6,2,645209,909
2025-06-23,6,2,645209,935
2025-06-30,6,2,645209,1018
2025-07-07,6,2,645209,1034
2025-07-14,6,2,645209,1025
2025-07-21,6,2,645209,819
2025-07-28,6,2,645209,903
2025-08-04,6,2,645209,882
2025-08-11,6,2,645209,878
2025-08-18,6,2,645209,870
2025-08-25,6,2,645209,887
2025-09-01,6,2,645209,914
2025-09-08,6,2,645209,895
2025-09-15,6,2,645209,864
2025-09-22,6,2,645209,822
2025-09-29,6,2,645209,583
2025-10-06,6,2,645209,588
2025-10-13,6,2,645209,551
2025-10-20,6,2,645209,633
2025-10-27,6,2,645209,652
2025-11-03,6,2,645209,606
2025-11-10,6,2,645209,576
2025-11-17,6,2,645209,551
2025-11-24,6,2,645209,530
2025-12-01,6,2,645209,467
2025-12-08,6,2,645209,414
2025-12-15,6,2,645209,452
2025-12-22,6,2,645209,524
2024-01-01,7,2,2665440,1631
2024-01-08,7,2,2665440,1733
2024-01-15,7,2,2665440,1843
2024-01-22,7,2,2665440,2087
2024-01-29,7,2,2665440,2238
2024-02-05,7,2,2665440,2371
2024-02-12,7,2,2665440,2185
2024-02-19,7,2,2665440,2326
2024-02-26,7,2,2665440,2663
2024-03-04,7,2,2665440,2714
2024-03-11,7,2,2665440,3066
2024-03-18,7,2,2665440,3400
2024-03-25,7,2,2665440,3200
2024-04-01,7,2,2665440,2986
2024-04-08,7,2,2665440,2837
2024-04-15,7,2,2665440,2571
2024-04-22,7,2,2665440,2632
2024-04-29,7,2,2665440,3122
2024-05-06,7,2,2665440,2635
2024-05-13,7,2,2665440,2593
2024-05-20,7,2,2665440,2814
2024-05-27,7,2,2665440,2782
2024-06-03,7,2,2665440,2861
2024-06-10,7,2,2665440,2926
2024-06-17,7,2,2665440,3046
2024-06-24,7,2,2665440,2997
2024-07-01,7,2,2665440,2935
2024-07-08,7,2,2665440,3380
2024-07-15,7,2,2665440,3712
2024-07-22,7,2,2665440,3246
2024-07-29,7,2,2665440,2527
2024-08-05,7,2,2665440,3068
2024-08-12,7,2,2665440,2797
2024-08-19,7,2,2665440,2976
2024-08-26,7,2,2665440,2610
2024-09-02,7,2,2665440,3069
2024-09-09,7,2,2665440,3657
2024-09-16,7,2,2665440,3441
2024-09-23,7,2,2665440,3197
2024-09-30,7,2,2665440,2951
2024-10-07,7,2,2665440,3002
2024-10-14,7,2,2665440,2957
2024-10-21,7,2,2665440,2988
2024-10-28,7,2,2665440,2652
2024-11-04,7,2,2665440,2595
2024-11-11,7,2,2665440,2370
2024-11-18,7,2,2665440,2109
2024-11-25,7,2,2665440,2107
2024-12-02,7,2,2665440,1942
2024-12-09,7,2,2665440,2189
2024-12-16,7,2,2665440,2008
2024-12-23,7,2,2665440,2095
2024-12-30,7,2,2665440,1998
2025-01-06,7,2,2665440,2089
2025-01-13,7,2,2665440,2030
2025-01-20,7,2,2665440,1876
2025-01-27,7,2,2665440,2090
2025-02-03,7,2,2665440,2135
2025-02-10,7,2,2665440,2288
2025-02-17,7,2,2665440,2288
2025-02-24,7,2,2665440,2134
2025-03-03,7,2,2665440,2536
2025-03-10,7,2,2665440,2790
2025-03-17,7,2,2665440,2723
2025-03-24,7,2,2665440,2843
2025-03-31,7,2,2665440,3189
2025-04-07,7,2,2665440,3110
2025-04-14,7,2,2665440,3115
2025-04-21,7,2,2665440,3282
2025-04-28,7,2,2665440,3240
2025-05-05,7,2,2665440,3588
2025-05-12,7,2,2665440,3574
2025-05-19,7,2,2665440,3402
2025-05-26,7,2,2665440,3694
2025-06-02,7,2,2665440,3396
2025-06-09,7,2,2665440,4131
2025-06-16,7,2,2665440,4529
2025-06-23,7,2,2665440,4485
2025-06-30,7,2,2665440,4423
2025-07-07,7,2,2665440,4355
2025-07-14,7,2,2665440,4030
2025-07-21,7,2,2665440,4026
2025-07-28,7,2,2665440,3638
2025-08-04,7,2,2665440,3774
2025-08-11,7,2,2665440,3947
2025-08-18,7,2,2665440,3680
2025-08-25,7,2,2665440,3408
2025-09-01,7,2,2665440,3027
2025-09-08,7,2,2665440,3459
2025-09-15,7,2,2665440,3198
2025-09-22,7,2,2665440,3072
2025-09-29,7,2,2665440,3079
2025-10-06,7,2,2665440,3047
2025-10-13,7,2,2665440,3101
2025-10-20,7,2,2665440,2853
2025-10-27,7,2,2665440,2499
2025-11-03,7,2,2665440,2206
2025-11-10,7,2,2665440,2145
2025-11-17,7,2,2665440,2016
2025-11-24,7,2,2665440,2044
2025-12-01,7,2,2665440,2360
2025-12-08,7,2,2665440,2254
2025-12-15,7,2,2665440,2180
2025-12-22,7,2,2665440,2199
2024-01-01,8,1,2002787,1570
2024-01-08,8,1,2002787,1899
2024-01-15,8,1,2002787,1784
2024-01-22,8,1,2002787,1712
2024-01-29,8,1,2002787,1892
2024-02-05,8,1,2002787,1962
2024-02-12,8,1,2002787,2105
2024-02-19,8,1,2002787,2064
2024-02-26,8,1,2002787,2083
2024-03-04,8,1,2002787,2356
2024-03-11,8,1,2002787,2155
2024-03-18,8,1,2002787,2143
2024-03-25,8,1,2002787,2301
2024-04-01,8,1,2002787,2268
2024-04-08,8,1,2002787,2195
2024-04-15,8,1,2002787,2371
2024-04-22,8,1,2002787,2650
2024-04-29,8,1,2002787,2590
2024-05-06,8,1,2002787,2553
2024-05-13,8,1,2002787,2441
2024-05-20,8,1,2002787,2440
2024-05-27,8,1,2002787,2730
2024-06-03,8,1,2002787,2735
2024-06-10,8,1,2002787,2555
2024-06-17,8,1,2002787,2654
2024-06-24,8,1,2002787,2891
2024-07-01,8,1,2002787,2710
2024-07-08,8,1,2002787,2413
2024-07-15,8,1,2002787,2948
2024-07-22,8,1,2002787,2553
2024-07-29,8,1,2002787,2483
2024-08-05,8,1,2002787,2544
2024-08-12,8,1,2002787,2468
2024-08-19,8,1,2002787,2439
2024-08-26,8,1,2002787,2531
2024-09-02,8,1,2002787,1999
2024-09-09,8,1,2002787,1838
2024-09-16,8,1,2002787,1958
2024-09-23,8,1,2002787,1940
2024-09-30,8,1,2002787,2004
2024-10-07,8,1,2002787,2046
2024-10-14,8,1,2002787,1667
2024-10-21,8,1,2002787,1951
2024-10-28,8,1,2002787,1845
2024-11-04,8,1,2002787,1705
2024-11-11,8,1,2002787,1763
2024-11-18,8,1,2002787,1779
2024-11-25,8,1,2002787,1942
2024-12-02,8,1,2002787,1917
2024-12-09,8,1,2002787,2023
2024-12-16,8,1,2002787,1804
2024-12-23,8,1,2002787,1807
2024-12-30,8,1,2002787,1640
2025-01-06,8,1,2002787,1702
2025-01-13,8,1,2002787,1727
2025-01-20,8,1,2002787,1752
2025-01-27,8,1,2002787,1785
2025-02-03,8,1,2002787,1960
2025-02-10,8,1,2002787,1741
2025-02-17,8,1,2002787,1709
2025-02-24,8,1,2002787,1844
2025-03-03,8,1,2002787,1768
2025-03-10,8,1,2002787,1943
2025-03-17,8,1,2002787,2074
2025-03-24,8,1,2002787,1936
2025-03-31,8,1,2002787,1840
2025-04-07,8,1,2002787,1550
2025-04-14,8,1,2002787,1632
2025-04-21,8,1,2002787,1962
2025-04-28,8,1,2002787,2248
2025-05-05,8,1,2002787,2478
2025-05-12,8,1,2002787,2437
2025-05-19,8,1,2002787,2590
2025-05-26,8,1,2002787,2804
2025-06-02,8,1,2002787,2572
2025-06-09,8,1,2002787,2739
2025-06-16,8,1,2002787,2987
2025-06-23,8,1,2002787,2885
2025-06-30,8,1,2002787,3184
2025-07-07,8,1,2002787,3018
2025-07-14,8,1,2002787,2799
2025-07-21,8,1,2002787,2975
2025-07-28,8,1,2002787,3432
2025-08-04,8,1,2002787,3272
2025-08-11,8,1,2002787,3270
2025-08-18,8,1,2002787,2988
2025-08-25,8,1,2002787,2612
2025-09-01,8,1,2002787,2646
2025-09-08,8,1,2002787,2681
2025-09-15,8,1,2002787,2540
2025-09-22,8,1,2002787,2624
2025-09-29,8,1,2002787,2403
2025-10-06,8,1,2002787,2187
2025-10-13,8,1,2002787,2393
2025-10-20,8,1,2002787,2512
2025-10-27,8,1,2002787,2269
2025-11-03,8,1,2002787,2501
2025-11-10,8,1,2002787,2300
2025-11-17,8,1,2002787,2216
2025-11-24,8,1,2002787,2125
2025-12-01,8,1,2002787,2156
2025-12-08,8,1,2002787,2137
2025-12-15,8,1,2002787,2123
2025-12-22,8,1,2002787,1916
2024-01-01,9,7,2270181,1528
2024-01-08,9,7,2270181,1497
2024-01-15,9,7,2270181,1485
2024-01-22,9,7,2270181,1526
2024-01-29,9,7,2270181,1682
2024-02-05,9,7,2270181,1700
2024-02-12,9,7,2270181,1817
2024-02-19,9,7,2270181,1827
2024-02-26,9,7,2270181,1817
2024-03-04,9,7,2270181,1935
2024-03-11,9,7,2270181,2036
2024-03-18,9,7,2270181,2014
2024-03-25,9,7,2270181,1926
2024-04-01,9,7,2270181,2053
2024-04-08,9,7,2270181,2120
2024-04-15,9,7,2270181,2077
2024-04-22,9,7,2270181,2009
2024-04-29,9,7,2270181,2197
2024-05-06,9,7,2270181,2373
2024-05-13,9,7,2270181,2340
2024-05-20,9,7,2270181,2282
2024-05-27,9,7,2270181,2197
2024-06-03,9,7,2270181,2381
2024-06-10,9,7,2270181,2277
2024-06-17,9,7,2270181,2821
2024-06-24,9,7,2270181,2665
2024-07-01,9,7,2270181,2139
2024-07-08,9,7,2270181,2253
2024-07-15,9,7,2270181,2317
2024-07-22,9,7,2270181,2590
2024-07-29,9,7,2270181,2600
2024-08-05,9,7,2270181,2371
2024-08-12,9,7,2270181,2305
2024-08-19,9,7,2270181,2361
2024-08-26,9,7,2270181,1914
2024-09-02,9,7,2270181,2236
2024-09-09,9,7,2270181,2044
2024-09-16,9,7,2270181,2286
2024-09-23,9,7,2270181,2250
2024-09-30,9,7,2270181,2242
2024-10-07,9,7,2270181,2296
2024-10-14,9,7,2270181,2220
2024-10-21,9,7,2270181,2162
2024-10-28,9,7,2270181,1983
2024-11-04,9,7,2270181,1923
2024-11-11,9,7,2270181,1739
2024-11-18,9,7,2270181,1637
2024-11-25,9,7,2270181,1860
2024-12-02,9,7,2270181,1651
2024-12-09,9,7,2270181,1626
2024-12-16,9,7,2270181,1604
2024-12-23,9,7,2270181,1540
2024-12-30,9,7,2270181,1601
2025-01-06,9,7,2270181,1661
2025-01-13,9,7,2270181,1526
2025-01-20,9,7,2270181,1570
2025-01-27,9,7,2270181,1463
2025-02-03,9,7,2270181,1644
2025-02-10,9,7,2270181,1711
2025-02-17,9,7,2270181,1764
2025-02-24,9,7,2270181,1904
2025-03-03,9,7,2270181,1890
2025-03-10,9,7,2270181,2079
2025-03-17,9,7,2270181,1947
2025-03-24,9,7,2270181,2251
2025-03-31,9,7,2270181,2167
2025-04-07,9,7,2270181,1922
2025-04-14,9,7,2270181,1999
2025-04-21,9,7,2270181,2049
2025-04-28,9,7,2270181,2118
2025-05-05,9,7,2270181,2290
2025-05-12,9,7,2270181,2598
2025-05-19,9,7,2270181,2571
2025-05-26,9,7,2270181,2457
2025-06-02,9,7,2270181,2289
2025-06-09,9,7,2270181,2309
2025-06-16,9,7,2270181,2023
2025-06-23,9,7,2270181,2066
2025-06-30,9,7,2270181,2513
2025-07-07,9,7,2270181,2380
2025-07-14,9,7,2270181,2587
2025-07-21,9,7,2270181,2329
2025-07-28,9,7,2270181,2765
2025-08-04,9,7,2270181,3060
2025-08-11,9,7,2270181,2987
2025-08-18,9,7,2270181,3195
2025-08-25,9,7,2270181,2990
2025-09-01,9,7,2270181,2905
2025-09-08,9,7,2270181,2912
2025-09-15,9,7,2270181,2693
2025-09-22,9,7,2270181,2217
2025-09-29,9,7,2270181,2279
2025-10-06,9,7,2270181,2088
2025-10-13,9,7,2270181,1952
2025-10-20,9,7,2270181,1952
2025-10-27,9,7,2270181,1973
2025-11-03,9,7,2270181,1910
2025-11-10,9,7,2270181,1922
2025-11-17,9,7,2270181,1732
2025-11-24,9,7,2270181,1686
2025-12-01,9,7,2270181,1768
2025-12-08,9,7,2270181,1940
2025-12-15,9,7,2270181,2103
2025-12-22,9,7,2270181,2001
2024-01-01,10,6,551461,559
2024-01-08,10,6,551461,522
2024-01-15,10,6,551461,462
2024-01-22,10,6,551461,489
2024-01-29,10,6,551461,467
2024-02-05,10,6,551461,448
2024-02-12,10,6,551461,464
2024-02-19,10,6,551461,502
2024-02-26,10,6,551461,468
2024-03-04,10,6,551461,576
2024-03-11,10,6,551461,626
2024-03-18,10,6,551461,618
2024-03-25,10,6,551461,589
2024-04-01,10,6,551461,615
2024-04-08,10,6,551461,691
2024-04-15,10,6,551461,744
2024-04-22,10,6,551461,804
2024-04-29,10,6,551461,764
2024-05-06,10,6,551461,595
2024-05-13,10,6,551461,724
2024-05-20,10,6,551461,733
2024-05-27,10,6,551461,794
2024-06-03,10,6,551461,901
2024-06-10,10,6,551461,1026
2024-06-17,10,6,551461,919
2024-06-24,10,6,551461,893
2024-07-01,10,6,551461,951
2024-07-08,10,6,551461,849
2024-07-15,10,6,551461,792
2024-07-22,10,6,551461,749
2024-07-29,10,6,551461,750
2024-08-05,10,6,551461,735
2024-08-12,10,6,551461,697
2024-08-19,10,6,551461,645
2024-08-26,10,6,551461,708
2024-09-02,10,6,551461,774
2024-09-09,10,6,551461,820
2024-09-16,10,6,551461,736
2024-09-23,10,6,551461,744
2024-09-30,10,6,551461,711
2024-10-07,10,6,551461,641
2024-10-14,10,6,551461,653
2024-10-21,10,6,551461,591
2024-10-28,10,6,551461,556
2024-11-04,10,6,551461,483
2024-11-11,10,6,551461,472
2024-11-18,10,6,551461,491
2024-11-25,10,6,551461,556
2024-12-02,10,6,551461,520
2024-12-09,10,6,551461,467
2024-12-16,10,6,551461,530
2024-12-23,10,6,551461,496
2024-12-30,10,6,551461,425
2025-01-06,10,6,551461,450
2025-01-13,10,6,551461,452
2025-01-20,10,6,551461,561
2025-01-27,10,6,551461,570
2025-02-03,10,6,551461,554
2025-02-10,10,6,551461,515
2025-02-17,10,6,551461,545
2025-02-24,10,6,551461,621
2025-03-03,10,6,551461,631
2025-03-10,10,6,551461,590
2025-03-17,10,6,551461,630
2025-03-24,10,6,551461,637
2025-03-31,10,6,551461,672
2025-04-07,10,6,551461,660
2025-04-14,10,6,551461,655
2025-04-21,10,6,551461,652
2025-04-28,10,6,551461,731
2025-05-05,10,6,551461,716
2025-05-12,10,6,551461,703
2025-05-19,10,6,551461,667
2025-05-26,10,6,551461,726
2025-06-02,10,6,551461,761
2025-06-09,10,6,551461,740
2025-06-16,10,6,551461,709
2025-06-23,10,6,551461,847
2025-06-30,10,6,551461,709
2025-07-07,10,6,551461,758
2025-07-14,10,6,551461,839
2025-07-21,10,6,551461,605
2025-07-28,10,6,551461,694
2025-08-04,10,6,551461,691
2025-08-11,10,6,551461,712
2025-08-18,10,6,551461,688
2025-08-25,10,6,551461,745
2025-09-01,10,6,551461,738
2025-09-08,10,6,551461,714
2025-09-15,10,6,551461,638
2025-09-22,10,6,551461,724
2025-09-29,10,6,551461,680
2025-10-06,10,6,551461,755
2025-10-13,10,6,551461,781
2025-10-20,10,6,551461,621
2025-10-27,10,6,551461,560
2025-11-03,10,6,551461,498
2025-11-10,10,6,551461,495
2025-11-17,10,6,551461,500
2025-11-24,10,6,551461,503
2025-12-01,10,6,551461,535
2025-12-08,10,6,551461,573
2025-12-15,10,6,551461,578
2025-12-22,10,6,551461,524
2024-01-01,11,3,2924774,2322
2024-01-08,11,3,2924774,2613
2024-01-15,11,3,2924774,2247
2024-01-22,11,3,2924774,2352
2024-01-29,11,3,2924774,2350
2024-02-05,11,3,2924774,2751
2024-02-12,11,3,2924774,2889
2024-02-19,11,3,2924774,2764
2024-02-26,11,3,2924774,3020
2024-03-04,11,3,2924774,2956
2024-03-11,11,3,2924774,3269
2024-03-18,11,3,2924774,3231
2024-03-25,11,3,2924774,3562
2024-04-01,11,3,2924774,3679
2024-04-08,11,3,2924774,4566
2024-04-15,11,3,2924774,4335
2024-04-22,11,3,2924774,4320
2024-04-29,11,3,2924774,4081
2024-05-06,11,3,2924774,4075
2024-05-13,11,3,2924774,3247
2024-05-20,11,3,2924774,3665
2024-05-27,11,3,2924774,4266
2024-06-03,11,3,2924774,4401
2024-06-10,11,3,2924774,3934
2024-06-17,11,3,2924774,3776
2024-06-24,11,3,2924774,3110
2024-07-01,11,3,2924774,3799
2024-07-08,11,3,2924774,3599
2024-07-15,11,3,2924774,3783
2024-07-22,11,3,2924774,3855
2024-07-29,11,3,2924774,4440
2024-08-05,11,3,2924774,4352
2024-08-12,11,3,2924774,4504
2024-08-19,11,3,2924774,4491
2024-08-26,11,3,2924774,4707
2024-09-02,11,3,2924774,4317
2024-09-09,11,3,2924774,4659
2024-09-16,11,3,2924774,3702
2024-09-23,11,3,2924774,3850
2024-09-30,11,3,2924774,3427
2024-10-07,11,3,2924774,3215
2024-10-14,11,3,2924774,3323
2024-10-21,11,3,2924774,3360
2024-10-28,11,3,2924774,3364
2024-11-04,11,3,2924774,2857
2024-11-11,11,3,2924774,3165
2024-11-18,11,3,2924774,2810
2024-11-25,11,3,2924774,2589
2024-12-02,11,3,2924774,2737
2024-12-09,11,3,2924774,2632
2024-12-16,11,3,2924774,2685
2024-12-23,11,3,2924774,2203
2024-12-30,11,3,2924774,2390
2025-01-06,11,3,2924774,2517
2025-01-13,11,3,2924774,2466
2025-01-20,11,3,2924774,2110
2025-01-27,11,3,2924774,2279
2025-02-03,11,3,2924774,2462
2025-02-10,11,3,2924774,2544
2025-02-17,11,3,2924774,2283
2025-02-24,11,3,2924774,2949
2025-03-03,11,3,2924774,2914
2025-03-10,11,3,2924774,3025
2025-03-17,11,3,2924774,2551
2025-03-24,11,3,2924774,3333
2025-03-31,11,3,2924774,3356
2025-04-07,11,3,2924774,3570
2025-04-14,11,3,2924774,4071
2025-04-21,11,3,2924774,3906
2025-04-28,11,3,2924774,4341
2025-05-05,11,3,2924774,3681
2025-05-12,11,3,2924774,4104
2025-05-19,11,3,2924774,4787
2025-05-26,11,3,2924774,4538
2025-06-02,11,3,2924774,4981
2025-06-09,11,3,2924774,5569
2025-06-16,11,3,2924774,5226
2025-06-23,11,3,2924774,4951
2025-06-30,11,3,2924774,4542
2025-07-07,11,3,2924774,4392
2025-07-14,11,3,2924774,4161
2025-07-21,11,3,2924774,3955
2025-07-28,11,3,2924774,4567
2025-08-04,11,3,2924774,4240
2025-08-11,11,3,2924774,4368
2025-08-18,11,3,2924774,4347
2025-08-25,11,3,2924774,4806
2025-09-01,11,3,2924774,4397
2025-09-08,11,3,2924774,4377
2025-09-15,11,3,2924774,4456
2025-09-22,11,3,2924774,4686
2025-09-29,11,3,2924774,4177
2025-10-06,11,3,2924774,3770
2025-10-13,11,3,2924774,3335
2025-10-20,11,3,2924774,3939
2025-10-27,11,3,2924774,4069
2025-11-03,11,3,2924774,3743
2025-11-10,11,3,2924774,4005
2025-11-17,11,3,2924774,3643
2025-11-24,11,3,2924774,3584
2025-12-01,11,3,2924774,3359
2025-12-08,11,3,2924774,3291
2025-12-15,11,3,2924774,3217
2025-12-22,11,3,2924774,3004
2024-01-01,12,3,2581106,2195
2024-01-08,12,3,2581106,2138
2024-01-15,12,3,2581106,1892
2024-01-22,12,3,2581106,2000
2024-01-29,12,3,2581106,2325
2024-02-05,12,3,2581106,2361
2024-02-12,12,3,2581106,2541
2024-02-19,12,3,2581106,2838
2024-02-26,12,3,2581106,2930
2024-03-04,12,3,2581106,3050
2024-03-11,12,3,2581106,2753
2024-03-18,12,3,2581106,2801
2024-03-25,12,3,2581106,3362
2024-04-01,12,3,2581106,3401
2024-04-08,12,3,2581106,3924
2024-04-15,12,3,2581106,3641
2024-04-22,12,3,2581106,3719
2024-04-29,12,3,2581106,3624
2024-05-06,12,3,2581106,3856
2024-05-13,12,3,2581106,4133
2024-05-20,12,3,2581106,4262
2024-05-27,12,3,2581106,4502
2024-06-03,12,3,2581106,4357
2024-06-10,12,3,2581106,4202
2024-06-17,12,3,2581106,3596
2024-06-24,12,3,2581106,3927
2024-07-01,12,3,2581106,4007
2024-07-08,12,3,2581106,3976
2024-07-15,12,3,2581106,3904
2024-07-22,12,3,2581106,3886
2024-07-29,12,3,2581106,3793
2024-08-05,12,3,2581106,3618
2024-08-12,12,3,2581106,3709
2024-08-19,12,3,2581106,3817
2024-08-26,12,3,2581106,3493
2024-09-02,12,3,2581106,3351
2024-09-09,12,3,2581106,3282
2024-09-16,12,3,2581106,3263
2024-09-23,12,3,2581106,3183
2024-09-30,12,3,2581106,3303
2024-10-07,12,3,2581106,2770
2024-10-14,12,3,2581106,2436
2024-10-21,12,3,2581106,2586
2024-10-28,12,3,2581106,2481
2024-11-04,12,3,2581106,2723
2024-11-11,12,3,2581106,2928
2024-11-18,12,3,2581106,2848
2024-11-25,12,3,2581106,2511
2024-12-02,12,3,2581106,2712
2024-12-09,12,3,2581106,2673
2024-12-16,12,3,2581106,2310
2024-12-23,12,3,2581106,2081
2024-12-30,12,3,2581106,2513
2025-01-06,12,3,2581106,2797
2025-01-13,12,3,2581106,2231
2025-01-20,12,3,2581106,2081
2025-01-27,12,3,2581106,2517
2025-02-03,12,3,2581106,2610
2025-02-10,12,3,2581106,2863
2025-02-17,12,3,2581106,2905
2025-02-24,12,3,2581106,3135
2025-03-03,12,3,2581106,3180
2025-03-10,12,3,2581106,3134
2025-03-17,12,3,2581106,3518
2025-03-24,12,3,2581106,3608
2025-03-31,12,3,2581106,3831
2025-04-07,12,3,2581106,3886
2025-04-14,12,3,2581106,3766
2025-04-21,12,3,2581106,4338
2025-04-28,12,3,2581106,4397
2025-05-05,12,3,2581106,4236
2025-05-12,12,3,2581106,4670
2025-05-19,12,3,2581106,4140
2025-05-26,12,3,2581106,4970
2025-06-02,12,3,2581106,4750
2025-06-09,12,3,2581106,4221
2025-06-16,12,3,2581106,4954
2025-06-23,12,3,2581106,4639
2025-06-30,12,3,2581106,4659
2025-07-07,12,3,2581106,4828
2025-07-14,12,3,2581106,5095
2025-07-21,12,3,2581106,4951
2025-07-28,12,3,2581106,4502
2025-08-04,12,3,2581106,4464
2025-08-11,12,3,2581106,4195
2025-08-18,12,3,2581106,4204
2025-08-25,12,3,2581106,4622
2025-09-01,12,3,2581106,4588
2025-09-08,12,3,2581106,4356
2025-09-15,12,3,2581106,4320
2025-09-22,12,3,2581106,4276
2025-09-29,12,3,2581106,3668
2025-10-06,12,3,2581106,3540
2025-10-13,12,3,2581106,4097
2025-10-20,12,3,2581106,4076
2025-10-27,12,3,2581106,3593
2025-11-03,12,3,2581106,3220
2025-11-10,12,3,2581106,2943
2025-11-17,12,3,2581106,3094
2025-11-24,12,3,2581106,3351
2025-12-01,12,3,2581106,3285
2025-12-08,12,3,2581106,3141
2025-12-15,12,3,2581106,2911
2025-12-22,12,3,2581106,2929
2024-01-01,13,0,1030847,908
2024-01-08,13,0,1030847,880
2024-01-15,13,0,1030847,946
2024-01-22,13,0,1030847,865
2024-01-29,13,0,1030847,1014
2024-02-05,13,0,1030847,1000
2024-02-12,13,0,1030847,1037
2024-02-19,13,0,1030847,976
2024-02-26,13,0,1030847,1077
2024-03-04,13,0,1030847,1060
2024-03-11,13,0,1030847,1157
2024-03-18,13,0,1030847,1249
2024-03-25,13,0,1030847,1196
2024-04-01,13,0,1030847,1120
2024-04-08,13,0,1030847,1339
2024-04-15,13,0,1030847,1333
2024-04-22,13,0,1030847,1382
2024-04-29,13,0,1030847,1454
2024-05-06,13,0,1030847,1321
2024-05-13,13,0,1030847,1425
2024-05-20,13,0,1030847,1463
2024-05-27,13,0,1030847,1407
2024-06-03,13,0,1030847,1309
2024-06-10,13,0,1030847,1452
2024-06-17,13,0,1030847,1619
2024-06-24,13,0,1030847,1620
2024-07-01,13,0,1030847,1420
2024-07-08,13,0,1030847,1323
2024-07-15,13,0,1030847,1327
2024-07-22,13,0,1030847,1568
2024-07-29,13,0,1030847,1508
2024-08-05,13,0,1030847,1432
2024-08-12,13,0,1030847,1230
2024-08-19,13,0,1030847,1202
2024-08-26,13,0,1030847,1108
2024-09-02,13,0,1030847,1062
2024-09-09,13,0,1030847,1142
2024-09-16,13,0,1030847,1130
2024-09-23,13,0,1030847,1326
2024-09-30,13,0,1030847,1381
2024-10-07,13,0,1030847,1242
2024-10-14,13,0,1030847,1109
2024-10-21,13,0,1030847,1220
2024-10-28,13,0,1030847,1307
2024-11-04,13,0,1030847,1023
2024-11-11,13,0,1030847,1019
2024-11-18,13,0,1030847,982
2024-11-25,13,0,1030847,1025
2024-12-02,13,0,1030847,1152
2024-12-09,13,0,1030847,1049
2024-12-16,13,0,1030847,857
2024-12-23,13,0,1030847,927
2024-12-30,13,0,1030847,1042
2025-01-06,13,0,1030847,997
2025-01-13,13,0,1030847,940
2025-01-20,13,0,1030847,927
2025-01-27,13,0,1030847,1029
2025-02-03,13,0,1030847,1005
2025-02-10,13,0,1030847,1062
2025-02-17,13,0,1030847,1089
2025-02-24,13,0,1030847,1111
2025-03-03,13,0,1030847,1208
2025-03-10,13,0,1030847,1181
2025-03-17,13,0,1030847,1177
2025-03-24,13,0,1030847,1307
2025-03-31,13,0,1030847,1230
2025-04-07,13,0,1030847,1194
2025-04-14,13,0,1030847,1134
2025-04-21,13,0,1030847,1336
2025-04-28,13,0,1030847,1382
2025-05-05,13,0,1030847,1279
2025-05-12,13,0,1030847,1472
2025-05-19,13,0,1030847,1444
2025-05-26,13,0,1030847,1388
2025-06-02,13,0,1030847,1436
2025-06-09,13,0,1030847,1688
2025-06-16,13,0,1030847,1625
2025-06-23,13,0,1030847,1705
2025-06-30,13,0,1030847,1779
2025-07-07,13,0,1030847,1790
2025-07-14,13,0,1030847,1900
2025-07-21,13,0,1030847,1713
2025-07-28,13,0,1030847,1533
2025-08-04,13,0,1030847,1399
2025-08-11,13,0,1030847,1412
2025-08-18,13,0,1030847,1314
2025-08-25,13,0,1030847,1368
2025-09-01,13,0,1030847,1385
2025-09-08,13,0,1030847,1492
2025-09-15,13,0,1030847,1468
2025-09-22,13,0,1030847,1361
2025-09-29,13,0,1030847,1365
2025-10-06,13,0,1030847,1206
2025-10-13,13,0,1030847,1188
2025-10-20,13,0,1030847,1200
2025-10-27,13,0,1030847,1180
2025-11-03,13,0,1030847,1183
2025-11-10,13,0,1030847,1082
2025-11-17,13,0,1030847,1165
2025-11-24,13,0,1030847,1272
2025-12-01,13,0,1030847,1054
2025-12-08,13,0,1030847,936
2025-12-15,13,0,1030847,959
2025-12-22,13,0,1030847,951
2024-01-01,14,4,954562,777
2024-01-08,14,4,954562,761
2024-01-15,14,4,954562,847
2024-01-22,14,4,954562,851
2024-01-29,14,4,954562,911
2024-02-05,14,4,954562,968
2024-02-12,14,4,954562,871
2024-02-19,14,4,954562,834
2024-02-26,14,4,954562,899
2024-03-04,14,4,954562,896
2024-03-11,14,4,954562,912
2024-03-18,14,4,954562,1050
2024-03-25,14,4,954562,1035
2024-04-01,14,4,954562,977
2024-04-08,14,4,954562,953
2024-04-15,14,4,954562,1206
2024-04-22,14,4,954562,1188
2024-04-29,14,4,954562,1072
2024-05-06,14,4,954562,954
2024-05-13,14,4,954562,982
2024-05-20,14,4,954562,1048
2024-05-27,14,4,954562,1212
2024-06-03,14,4,954562,1323
2024-06-10,14,4,954562,1316
2024-06-17,14,4,954562,1266
2024-06-24,14,4,954562,1311
2024-07-01,14,4,954562,1125
2024-07-08,14,4,954562,1377
2024-07-15,14,4,954562,1411
2024-07-22,14,4,954562,1452
2024-07-29,14,4,954562,1277
2024-08-05,14,4,954562,1385
2024-08-12,14,4,954562,1279
2024-08-19,14,4,954562,1150
2024-08-26,14,4,954562,1142
2024-09-02,14,4,954562,1125
2024-09-09,14,4,954562,1012
2024-09-16,14,4,954562,943
2024-09-23,14,4,954562,883
2024-09-30,14,4,954562,836
2024-10-07,14,4,954562,844
2024-10-14,14,4,954562,762
2024-10-21,14,4,954562,755
2024-10-28,14,4,954562,876
2024-11-04,14,4,954562,934
2024-11-11,14,4,954562,832
2024-11-18,14,4,954562,901
2024-11-25,14,4,954562,743
2024-12-02,14,4,954562,933
2024-12-09,14,4,954562,986
2024-12-16,14,4,954562,899
2024-12-23,14,4,954562,903
2024-12-30,14,4,954562,791
2025-01-06,14,4,954562,814
2025-01-13,14,4,954562,819
2025-01-20,14,4,954562,784
2025-01-27,14,4,954562,791
2025-02-03,14,4,954562,795
2025-02-10,14,4,954562,765
2025-02-17,14,4,954562,770
2025-02-24,14,4,954562,736
2025-03-03,14,4,954562,903
2025-03-10,14,4,954562,886
2025-03-17,14,4,954562,857
2025-03-24,14,4,954562,1026
2025-03-31,14,4,954562,1117
2025-04-07,14,4,954562,1234
2025-04-14,14,4,954562,1340
2025-04-21,14,4,954562,1528
2025-04-28,14,4,954562,1462
2025-05-05,14,4,954562,1285
2025-05-12,14,4,954562,1345
2025-05-19,14,4,954562,1292
2025-05-26,14,4,954562,1225
2025-06-02,14,4,954562,1297
2025-06-09,14,4,954562,1435
2025-06-16,14,4,954562,1341
2025-06-23,14,4,954562,1514
2025-06-30,14,4,954562,1376
2025-07-07,14,4,954562,1360
2025-07-14,14,4,954562,1417
2025-07-21,14,4,954562,1363
2025-07-28,14,4,954562,1165
2025-08-04,14,4,954562,1321
2025-08-11,14,4,954562,1250
2025-08-18,14,4,954562,1340
2025-08-25,14,4,954562,1181
2025-09-01,14,4,954562,1081
2025-09-08,14,4,954562,1202
2025-09-15,14,4,954562,1220
2025-09-22,14,4,954562,1148
2025-09-29,14,4,954562,1163
2025-10-06,14,4,954562,1044
2025-10-13,14,4,954562,1049
2025-10-20,14,4,954562,1046
2025-10-27,14,4,954562,994
2025-11-03,14,4,954562,915
2025-11-10,14,4,954562,928
2025-11-17,14,4,954562,923
2025-11-24,14,4,954562,885
2025-12-01,14,4,954562,814
2025-12-08,14,4,954562,843
2025-12-15,14,4,954562,829
2025-12-22,14,4,954562,779
2024-01-01,15,6,958511,913
2024-01-08,15,6,958511,981
2024-01-15,15,6,958511,964
2024-01-22,15,6,958511,876
2024-01-29,15,6,958511,945
2024-02-05,15,6,958511,901
2024-02-12,15,6,958511,931
2024-02-19,15,6,958511,940
2024-02-26,15,6,958511,1057
2024-03-04,15,6,958511,1121
2024-03-11,15,6,958511,1112
2024-03-18,15,6,958511,956
2024-03-25,15,6,958511,963
2024-04-01,15,6,958511,1098
2024-04-08,15,6,958511,1167
2024-04-15,15,6,958511,1055
2024-04-22,15,6,958511,950
2024-04-29,15,6,958511,1079
2024-05-06,15,6,958511,1051
2024-05-13,15,6,958511,1045
2024-05-20,15,6,958511,1219
2024-05-27,15,6,958511,1407
2024-06-03,15,6,958511,1329
2024-06-10,15,6,958511,1354
2024-06-17,15,6,958511,1369
2024-06-24,15,6,958511,1369
2024-07-01,15,6,958511,1391
2024-07-08,15,6,958511,1484
2024-07-15,15,6,958511,1383
2024-07-22,15,6,958511,1212
2024-07-29,15,6,958511,1447
2024-08-05,15,6,958511,1535
2024-08-12,15,6,958511,1347
2024-08-19,15,6,958511,1343
2024-08-26,15,6,958511,1422
2024-09-02,15,6,958511,1437
2024-09-09,15,6,958511,1406
2024-09-16,15,6,958511,1312
2024-09-23,15,6,958511,1418
2024-09-30,15,6,958511,1335
2024-10-07,15,6,958511,1201
2024-10-14,15,6,958511,1223
2024-10-21,15,6,958511,1161
2024-10-28,15,6,958511,1131
2024-11-04,15,6,958511,1090
2024-11-11,15,6,958511,1079
2024-11-18,15,6,958511,951
2024-11-25,15,6,958511,825
2024-12-02,15,6,958511,952
2024-12-09,15,6,958511,949
2024-12-16,15,6,958511,984
2024-12-23,15,6,958511,828
2024-12-30,15,6,958511,924
2025-01-06,15,6,958511,881
2025-01-13,15,6,958511,835
2025-01-20,15,6,958511,862
2025-01-27,15,6,958511,819
2025-02-03,15,6,958511,870
2025-02-10,15,6,958511,903
2025-02-17,15,6,958511,1032
2025-02-24,15,6,958511,1173
2025-03-03,15,6,958511,1286
2025-03-10,15,6,958511,1056
2025-03-17,15,6,958511,1014
2025-03-24,15,6,958511,867
2025-03-31,15,6,958511,868
2025-04-07,15,6,958511,929
2025-04-14,15,6,958511,1087
2025-04-21,15,6,958511,1115
2025-04-28,15,6,958511,1144
2025-05-05,15,6,958511,1245
2025-05-12,15,6,958511,1115
2025-05-19,15,6,958511,1123
2025-05-26,15,6,958511,1169
2025-06-02,15,6,958511,1241
2025-06-09,15,6,958511,1326
2025-06-16,15,6,958511,1555
2025-06-23,15,6,958511,1647
2025-06-30,15,6,958511,1510
2025-07-07,15,6,958511,1472
2025-07-14,15,6,958511,1432
2025-07-21,15,6,958511,1378
2025-07-28,15,6,958511,1426
2025-08-04,15,6,958511,1205
2025-08-11,15,6,958511,1360
2025-08-18,15,6,958511,1547
2025-08-25,15,6,958511,1445
2025-09-01,15,6,958511,1364
2025-09-08,15,6,958511,1345
2025-09-15,15,6,958511,1409
2025-09-22,15,6,958511,1304
2025-09-29,15,6,958511,1345
2025-10-06,15,6,958511,1317
2025-10-13,15,6,958511,1459
2025-10-20,15,6,958511,1299
2025-10-27,15,6,958511,1039
2025-11-03,15,6,958511,904
2025-11-10,15,6,958511,928
2025-11-17,15,6,958511,1020
2025-11-24,15,6,958511,945
2025-12-01,15,6,958511,923
2025-12-08,15,6,958511,977
2025-12-15,15,6,958511,888
2025-12-22,15,6,958511,854
2024-01-01,16,1,1260605,874
2024-01-08,16,1,1260605,984
2024-01-15,16,1,1260605,949
2024-01-22,16,1,1260605,884
2024-01-29,16,1,1260605,765
2024-02-05,16,1,1260605,932
2024-02-12,16,1,1260605,914
2024-02-19,16,1,1260605,854
2024-02-26,16,1,1260605,792
2024-03-04,16,1,1260605,780
2024-03-11,16,1,1260605,930
2024-03-18,16,1,1260605,1061
2024-03-25,16,1,1260605,1133
2024-04-01,16,1,1260605,1151
2024-04-08,16,1,1260605,1052
2024-04-15,16,1,1260605,1032
2024-04-22,16,1,1260605,989
2024-04-29,16,1,1260605,1123
2024-05-06,16,1,1260605,1067
2024-05-13,16,1,1260605,1066
2024-05-20,16,1,1260605,1122
2024-05-27,16,1,1260605,1013
2024-06-03,16,1,1260605,1115
2024-06-10,16,1,1260605,1174
2024-06-17,16,1,1260605,1353
2024-06-24,16,1,1260605,1264
2024-07-01,16,1,1260605,1149
2024-07-08,16,1,1260605,1164
2024-07-15,16,1,1260605,1094
2024-07-22,16,1,1260605,1162
2024-07-29,16,1,1260605,1004
2024-08-05,16,1,1260605,1020
2024-08-12,16,1,1260605,991
2024-08-19,16,1,1260605,1115
2024-08-26,16,1,1260605,1055
2024-09-02,16,1,1260605,917
2024-09-09,16,1,1260605,961
2024-09-16,16,1,1260605,1029
2024-09-23,16,1,1260605,1012
2024-09-30,16,1,1260605,962
2024-10-07,16,1,1260605,915
2024-10-14,16,1,1260605,939
2024-10-21,16,1,1260605,867
2024-10-28,16,1,1260605,856
2024-11-04,16,1,1260605,923
2024-11-11,16,1,1260605,811
2024-11-18,16,1,1260605,821
2024-11-25,16,1,1260605,702
2024-12-02,16,1,1260605,759
2024-12-09,16,1,1260605,715
2024-12-16,16,1,1260605,820
2024-12-23,16,1,1260605,725
2024-12-30,16,1,1260605,791
2025-01-06,16,1,1260605,894
2025-01-13,16,1,1260605,818
2025-01-20,16,1,1260605,781
2025-01-27,16,1,1260605,754
2025-02-03,16,1,1260605,775
2025-02-10,16,1,1260605,871
2025-02-17,16,1,1260605,867
2025-02-24,16,1,1260605,829
2025-03-03,16,1,1260605,737
2025-03-10,16,1,1260605,975
2025-03-17,16,1,1260605,1168
2025-03-24,16,1,1260605,1222
2025-03-31,16,1,1260605,1148
2025-04-07,16,1,1260605,1248
2025-04-14,16,1,1260605,1350
2025-04-21,16,1,1260605,1315
2025-04-28,16,1,1260605,1326
2025-05-05,16,1,1260605,1464
2025-05-12,16,1,1260605,1268
2025-05-19,16,1,1260605,1413
2025-05-26,16,1,1260605,1379
2025-06-02,16,1,1260605,1269
2025-06-09,16,1,1260605,1200
2025-06-16,16,1,1260605,1170
2025-06-23,16,1,1260605,1109
2025-06-30,16,1,1260605,1401
2025-07-07,16,1,1260605,1458
2025-07-14,16,1,1260605,1558
2025-07-21,16,1,1260605,1564
2025-07-28,16,1,1260605,1506
2025-08-04,16,1,1260605,1459
2025-08-11,16,1,1260605,1367
2025-08-18,16,1,1260605,1304
2025-08-25,16,1,1260605,1138
2025-09-01,16,1,1260605,1271
2025-09-08,16,1,1260605,1061
2025-09-15,16,1,1260605,985
2025-09-22,16,1,1260605,1214
2025-09-29,16,1,1260605,1183
2025-10-06,16,1,1260605,1155
2025-10-13,16,1,1260605,1165
2025-10-20,16,1,1260605,979
2025-10-27,16,1,1260605,859
2025-11-03,16,1,1260605,849
2025-11-10,16,1,1260605,800
2025-11-17,16,1,1260605,827
2025-11-24,16,1,1260605,883
2025-12-01,16,1,1260605,984
2025-12-08,16,1,1260605,1009
2025-12-15,16,1,1260605,898
2025-12-22,16,1,1260605,866
2024-01-01,17,0,1811891,1262
2024-01-08,17,0,1811891,1330
2024-01-15,17,0,1811891,1336
2024-01-22,17,0,1811891,1375
2024-01-29,17,0,1811891,1429
2024-02-05,17,0,1811891,1302
2024-02-12,17,0,1811891,1215
2024-02-19,17,0,1811891,1191
2024-02-26,17,0,1811891,1288
2024-03-04,17,0,1811891,1332
2024-03-11,17,0,1811891,1290
2024-03-18,17,0,1811891,1483
2024-03-25,17,0,1811891,1579
2024-04-01,17,0,1811891,1649
2024-04-08,17,0,1811891,1658
2024-04-15,17,0,1811891,1659
2024-04-22,17,0,1811891,1606
2024-04-29,17,0,1811891,1833
2024-05-06,17,0,1811891,1767
2024-05-13,17,0,1811891,1864
2024-05-20,17,0,1811891,2166
2024-05-27,17,0,1811891,2077
2024-06-03,17,0,1811891,2222
2024-06-10,17,0,1811891,2265
2024-06-17,17,0,1811891,2254
2024-06-24,17,0,1811891,2264
2024-07-01,17,0,1811891,2182
2024-07-08,17,0,1811891,2139
2024-07-15,17,0,1811891,2008
2024-07-22,17,0,1811891,2003
2024-07-29,17,0,1811891,1890
2024-08-05,17,0,1811891,2050
2024-08-12,17,0,1811891,1728
2024-08-19,17,0,1811891,1827
2024-08-26,17,0,1811891,1858
2024-09-02,17,0,1811891,1848
2024-09-09,17,0,1811891,1935
2024-09-16,17,0,1811891,1793
2024-09-23,17,0,1811891,1753
2024-09-30,17,0,1811891,1454
2024-10-07,17,0,1811891,1405
2024-10-14,17,0,1811891,1513
2024-10-21,17,0,1811891,1310
2024-10-28,17,0,1811891,1336
2024-11-04,17,0,1811891,1249
2024-11-11,17,0,1811891,1243
2024-11-18,17,0,1811891,1178
2024-11-25,17,0,1811891,1064
2024-12-02,17,0,1811891,1149
2024-12-09,17,0,1811891,1161
2024-12-16,17,0,1811891,1234
2024-12-23,17,0,1811891,1305
2024-12-30,17,0,1811891,1401
2025-01-06,17,0,1811891,1368
2025-01-13,17,0,1811891,1466
2025-01-20,17,0,1811891,1321
2025-01-27,17,0,1811891,1421
2025-02-03,17,0,1811891,1459
2025-02-10,17,0,1811891,1478
2025-02-17,17,0,1811891,1529
2025-02-24,17,0,1811891,1422
2025-03-03,17,0,1811891,1329
2025-03-10,17,0,1811891,1626
2025-03-17,17,0,1811891,1627
2025-03-24,17,0,1811891,1641
2025-03-31,17,0,1811891,1541
2025-04-07,17,0,1811891,1427
2025-04-14,17,0,1811891,1550
2025-04-21,17,0,1811891,1615
2025-04-28,17,0,1811891,1724
2025-05-05,17,0,1811891,1826
2025-05-12,17,0,1811891,2286
2025-05-19,17,0,1811891,2176
2025-05-26,17,0,1811891,2414
2025-06-02,17,0,1811891,2601
2025-06-09,17,0,1811891,2588
2025-06-16,17,0,1811891,2414
2025-06-23,17,0,1811891,2099
2025-06-30,17,0,1811891,2183
2025-07-07,17,0,1811891,2328
2025-07-14,17,0,1811891,2542
2025-07-21,17,0,1811891,2231
2025-07-28,17,0,1811891,2122
2025-08-04,17,0,1811891,1921
2025-08-11,17,0,1811891,1820
2025-08-18,17,0,1811891,1942
2025-08-25,17,0,1811891,1802
2025-09-01,17,0,1811891,1670
2025-09-08,17,0,1811891,1804
2025-09-15,17,0,1811891,1825
2025-09-22,17,0,1811891,1807
2025-09-29,17,0,1811891,1642
2025-10-06,17,0,1811891,1770
2025-10-13,17,0,1811891,1674
2025-10-20,17,0,1811891,1884
2025-10-27,17,0,1811891,1741
2025-11-03,17,0,1811891,1346
2025-11-10,17,0,1811891,1070
2025-11-17,17,0,1811891,1207
2025-11-24,17,0,1811891,1364
2025-12-01,17,0,1811891,1248
2025-12-08,17,0,1811891,1464
2025-12-15,17,0,1811891,1567
2025-12-22,17,0,1811891,1493
2024-01-01,18,6,1579862,874
2024-01-08,18,6,1579862,815
2024-01-15,18,6,1579862,791
2024-01-22,18,6,1579862,835
2024-01-29,18,6,1579862,950
2024-02-05,18,6,1579862,1023
2024-02-12,18,6,1579862,1047
2024-02-19,18,6,1579862,1138
2024-02-26,18,6,1579862,1220
2024-03-04,18,6,1579862,1260
2024-03-11,18,6,1579862,1098
2024-03-18,18,6,1579862,1082
2024-03-25,18,6,1579862,1155
2024-04-01,18,6,1579862,1290
2024-04-08,18,6,1579862,1183
2024-04-15,18,6,1579862,1254
2024-04-22,18,6,1579862,1142
2024-04-29,18,6,1579862,1359
2024-05-06,18,6,1579862,1433
2024-05-13,18,6,1579862,1306
2024-05-20,18,6,1579862,1216
2024-05-27,18,6,1579862,1366
2024-06-03,18,6,1579862,1598
2024-06-10,18,6,1579862,1457
2024-06-17,18,6,1579862,1592
2024-06-24,18,6,1579862,1519
2024-07-01,18,6,1579862,1637
2024-07-08,18,6,1579862,1697
2024-07-15,18,6,1579862,1667
2024-07-22,18,6,1579862,1393
2024-07-29,18,6,1579862,1505
2024-08-05,18,6,1579862,1551
2024-08-12,18,6,1579862,1561
2024-08-19,18,6,1579862,1531
2024-08-26,18,6,1579862,1377
2024-09-02,18,6,1579862,1479
2024-09-09,18,6,1579862,1514
2024-09-16,18,6,1579862,1315
2024-09-23,18,6,1579862,1415
2024-09-30,18,6,1579862,1349
2024-10-07,18,6,1579862,1291
2024-10-14,18,6,1579862,1212
2024-10-21,18,6,1579862,1157
2024-10-28,18,6,1579862,1238
2024-11-04,18,6,1579862,1252
2024-11-11,18,6,1579862,1250
2024-11-18,18,6,1579862,1173
2024-11-25,18,6,1579862,1172
2024-12-02,18,6,1579862,1032
2024-12-09,18,6,1579862,1043
2024-12-16,18,6,1579862,995
2024-12-23,18,6,1579862,818
2024-12-30,18,6,1579862,733
2025-01-06,18,6,1579862,746
2025-01-13,18,6,1579862,841
2025-01-20,18,6,1579862,831
2025-01-27,18,6,1579862,835
2025-02-03,18,6,1579862,952
2025-02-10,18,6,1579862,938
2025-02-17,18,6,1579862,1092
2025-02-24,18,6,1579862,1202
2025-03-03,18,6,1579862,1193
2025-03-10,18,6,1579862,1263
2025-03-17,18,6,1579862,1313
2025-03-24,18,6,1579862,1279
2025-03-31,18,6,1579862,1372
2025-04-07,18,6,1579862,1465
2025-04-14,18,6,1579862,1341
2025-04-21,18,6,1579862,1375
2025-04-28,18,6,1579862,1406
2025-05-05,18,6,1579862,1514
2025-05-12,18,6,1579862,1452
2025-05-19,18,6,1579862,1394
2025-05-26,18,6,1579862,1444
2025-06-02,18,6,1579862,1602
2025-06-09,18,6,1579862,1433
2025-06-16,18,6,1579862,1334
2025-06-23,18,6,1579862,1323
2025-06-30,18,6,1579862,1334
2025-07-07,18,6,1579862,1168
2025-07-14,18,6,1579862,1436
2025-07-21,18,6,1579862,1423
2025-07-28,18,6,1579862,1390
2025-08-04,18,6,1579862,1577
2025-08-11,18,6,1579862,1592
2025-08-18,18,6,1579862,1451
2025-08-25,18,6,1579862,1420
2025-09-01,18,6,1579862,1365
2025-09-08,18,6,1579862,1471
2025-09-15,18,6,1579862,1364
2025-09-22,18,6,1579862,1154
2025-09-29,18,6,1579862,963
2025-10-06,18,6,1579862,1137
2025-10-13,18,6,1579862,1037
2025-10-20,18,6,1579862,1088
2025-10-27,18,6,1579862,1062
2025-11-03,18,6,1579862,995
2025-11-10,18,6,1579862,956
2025-11-17,18,6,1579862,1067
2025-11-24,18,6,1579862,905
2025-12-01,18,6,1579862,872
2025-12-08,18,6,1579862,942
2025-12-15,18,6,1579862,830
2025-12-22,18,6,1579862,941
2024-01-01,19,1,1228072,945
2024-01-08,19,1,1228072,925
2024-01-15,19,1,1228072,760
2024-01-22,19,1,1228072,764
2024-01-29,19,1,1228072,937
2024-02-05,19,1,1228072,960
2024-02-12,19,1,1228072,1015
2024-02-19,19,1,1228072,1005
2024-02-26,19,1,1228072,996
2024-03-04,19,1,1228072,867
2024-03-11,19,1,1228072,999
2024-03-18,19,1,1228072,1129
2024-03-25,19,1,1228072,1058
2024-04-01,19,1,1228072,1084
2024-04-08,19,1,1228072,1098
2024-04-15,19,1,1228072,1187
2024-04-22,19,1,1228072,1165
2024-04-29,19,1,1228072,1304
2024-05-06,19,1,1228072,1324
2024-05-13,19,1,1228072,1071
2024-05-20,19,1,1228072,1208
2024-05-27,19,1,1228072,1371
2024-06-03,19,1,1228072,1256
2024-06-10,19,1,1228072,1347
2024-06-17,19,1,1228072,1570
2024-06-24,19,1,1228072,1536
2024-07-01,19,1,1228072,1624
2024-07-08,19,1,1228072,1505
2024-07-15,19,1,1228072,1465
2024-07-22,19,1,1228072,1411
2024-07-29,19,1,1228072,1346
2024-08-05,19,1,1228072,1321
2024-08-12,19,1,1228072,1136
2024-08-19,19,1,1228072,1140
2024-08-26,19,1,1228072,1304
2024-09-02,19,1,1228072,1173
2024-09-09,19,1,1228072,1064
2024-09-16,19,1,1228072,1090
2024-09-23,19,1,1228072,1100
2024-09-30,19,1,1228072,1121
2024-10-07,19,1,1228072,1079
2024-10-14,19,1,1228072,1057
2024-10-21,19,1,1228072,997
2024-10-28,19,1,1228072,875
2024-11-04,19,1,1228072,880
2024-11-11,19,1,1228072,936
2024-11-18,19,1,1228072,951
2024-11-25,19,1,1228072,794
2024-12-02,19,1,1228072,825
2024-12-09,19,1,1228072,765
2024-12-16,19,1,1228072,879
2024-12-23,19,1,1228072,885
2024-12-30,19,1,1228072,929
2025-01-06,19,1,1228072,904
2025-01-13,19,1,1228072,885
2025-01-20,19,1,1228072,983
2025-01-27,19,1,1228072,1024
2025-02-03,19,1,1228072,1002
2025-02-10,19,1,1228072,971
2025-02-17,19,1,1228072,846
2025-02-24,19,1,1228072,916
2025-03-03,19,1,1228072,940
2025-03-10,19,1,1228072,1022
2025-03-17,19,1,1228072,1116
2025-03-24,19,1,1228072,1227
2025-03-31,19,1,1228072,1241
2025-04-07,19,1,1228072,1137
2025-04-14,19,1,1228072,966
2025-04-21,19,1,1228072,971
2025-04-28,19,1,1228072,1190
2025-05-05,19,1,1228072,1406
2025-05-12,19,1,1228072,1360
2025-05-19,19,1,1228072,1205
2025-05-26,19,1,1228072,1182
2025-06-02,19,1,1228072,1357
2025-06-09,19,1,1228072,1298
2025-06-16,19,1,1228072,1384
2025-06-23,19,1,1228072,1398
2025-06-30,19,1,1228072,1465
2025-07-07,19,1,1228072,1629
2025-07-14,19,1,1228072,1605
2025-07-21,19,1,1228072,1535
2025-07-28,19,1,1228072,1668
2025-08-04,19,1,1228072,1584
2025-08-11,19,1,1228072,1399
2025-08-18,19,1,1228072,1414
2025-08-25,19,1,1228072,1389
2025-09-01,19,1,1228072,1287
2025-09-08,19,1,1228072,1187
2025-09-15,19,1,1228072,1129
2025-09-22,19,1,1228072,1059
2025-09-29,19,1,1228072,1026
2025-10-06,19,1,1228072,1038
2025-10-13,19,1,1228072,1080
2025-10-20,19,1,1228072,1090
2025-10-27,19,1,1228072,1090
2025-11-03,19,1,1228072,1046
2025-11-10,19,1,1228072,1000
2025-11-17,19,1,1228072,1089
2025-11-24,19,1,1228072,1037
2025-12-01,19,1,1228072,1087
2025-12-08,19,1,1228072,952
2025-12-15,19,1,1228072,972
2025-12-22,19,1,1228072,892
2024-01-01,20,5,2029632,1461
2024-01-08,20,5,2029632,1544
2024-01-15,20,5,2029632,1458
2024-01-22,20,5,2029632,1461
2024-01-29,20,5,2029632,1671
2024-02-05,20,5,2029632,1645
2024-02-12,20,5,2029632,1741
2024-02-19,20,5,2029632,1648
2024-02-26,20,5,2029632,1770
2024-03-04,20,5,2029632,1707
2024-03-11,20,5,2029632,1490
2024-03-18,20,5,2029632,1612
2024-03-25,20,5,2029632,1650
2024-04-01,20,5,2029632,1516
2024-04-08,20,5,2029632,1713
2024-04-15,20,5,2029632,1697
2024-04-22,20,5,2029632,2360
2024-04-29,20,5,2029632,2084
2024-05-06,20,5,2029632,1937
2024-05-13,20,5,2029632,2209
2024-05-20,20,5,2029632,2232
2024-05-27,20,5,2029632,2437
2024-06-03,20,5,2029632,2501
2024-06-10,20,5,2029632,2367
2024-06-17,20,5,2029632,2120
2024-06-24,20,5,2029632,2412
2024-07-01,20,5,2029632,2161
2024-07-08,20,5,2029632,2333
2024-07-15,20,5,2029632,2513
2024-07-22,20,5,2029632,2429
2024-07-29,20,5,2029632,2325
2024-08-05,20,5,2029632,2114
2024-08-12,20,5,2029632,2218
2024-08-19,20,5,2029632,1648
2024-08-26,20,5,2029632,1905
2024-09-02,20,5,2029632,1957
2024-09-09,20,5,2029632,1917
2024-09-16,20,5,2029632,1945
2024-09-23,20,5,2029632,1691
2024-09-30,20,5,2029632,1348
2024-10-07,20,5,2029632,1529
2024-10-14,20,5,2029632,1750
2024-10-21,20,5,2029632,1459
2024-10-28,20,5,2029632,1344
2024-11-04,20,5,2029632,1487
2024-11-11,20,5,2029632,1518
2024-11-18,20,5,2029632,1841
2024-11-25,20,5,2029632,1822
2024-12-02,20,5,2029632,1773
2024-12-09,20,5,2029632,1555
2024-12-16,20,5,2029632,1548
2024-12-23,20,5,2029632,1650
2024-12-30,20,5,2029632,1543
2025-01-06,20,5,2029632,1479
2025-01-13,20,5,2029632,1470
2025-01-20,20,5,2029632,1384
2025-01-27,20,5,2029632,1439
2025-02-03,20,5,2029632,1488
2025-02-10,20,5,2029632,1684
2025-02-17,20,5,2029632,1641
2025-02-24,20,5,2029632,1734
2025-03-03,20,5,2029632,1712
2025-03-10,20,5,2029632,1819
2025-03-17,20,5,2029632,1794
2025-03-24,20,5,2029632,1907
2025-03-31,20,5,2029632,2031
2025-04-07,20,5,2029632,1869
2025-04-14,20,5,2029632,2098
2025-04-21,20,5,2029632,2079
2025-04-28,20,5,2029632,2029
2025-05-05,20,5,2029632,1961
2025-05-12,20,5,2029632,2093
2025-05-19,20,5,2029632,2143
2025-05-26,20,5,2029632,2252
2025-06-02,20,5,2029632,2337
2025-06-09,20,5,2029632,2441
2025-06-16,20,5,2029632,2909
2025-06-23,20,5,2029632,2737
2025-06-30,20,5,2029632,2470
2025-07-07,20,5,2029632,2042
2025-07-14,20,5,2029632,1887
2025-07-21,20,5,2029632,2210
2025-07-28,20,5,2029632,2328
2025-08-04,20,5,2029632,2029
2025-08-11,20,5,2029632,2473
2025-08-18,20,5,2029632,2390
2025-08-25,20,5,2029632,2337
2025-09-01,20,5,2029632,2568
2025-09-08,20,5,2029632,2618
2025-09-15,20,5,2029632,2476
2025-09-22,20,5,2029632,2364
2025-09-29,20,5,2029632,2277
2025-10-06,20,5,2029632,2032
2025-10-13,20,5,2029632,1921
2025-10-20,20,5,2029632,1865
2025-10-27,20,5,2029632,1720
2025-11-03,20,5,2029632,1506
2025-11-10,20,5,2029632,1435
2025-11-17,20,5,2029632,1294
2025-11-24,20,5,2029632,1311
2025-12-01,20,5,2029632,1113
2025-12-08,20,5,2029632,1205
2025-12-15,20,5,2029632,1057
2025-12-22,20,5,2029632,1085
2024-01-01,21,7,848734,579
2024-01-08,21,7,848734,547
2024-01-15,21,7,848734,511
2024-01-22,21,7,848734,577
2024-01-29,21,7,848734,598
2024-02-05,21,7,848734,605
2024-02-12,21,7,848734,598
2024-02-19,21,7,848734,615
2024-02-26,21,7,848734,652
2024-03-04,21,7,848734,772
2024-03-11,21,7,848734,807
2024-03-18,21,7,848734,764
2024-03-25,21,7,848734,739
2024-04-01,21,7,848734,717
2024-04-08,21,7,848734,745
2024-04-15,21,7,848734,731
2024-04-22,21,7,848734,814
2024-04-29,21,7,848734,662
2024-05-06,21,7,848734,781
2024-05-13,21,7,848734,853
2024-05-20,21,7,848734,982
2024-05-27,21,7,848734,1050
2024-06-03,21,7,848734,982
2024-06-10,21,7,848734,1047
2024-06-17,21,7,848734,1021
2024-06-24,21,7,848734,863
2024-07-01,21,7,848734,916
2024-07-08,21,7,848734,890
2024-07-15,21,7,848734,919
2024-07-22,21,7,848734,1066
2024-07-29,21,7,848734,1051
2024-08-05,21,7,848734,940
2024-08-12,21,7,848734,1010
2024-08-19,21,7,848734,1005
2024-08-26,21,7,848734,884
2024-09-02,21,7,848734,762
2024-09-09,21,7,848734,718
2024-09-16,21,7,848734,808
2024-09-23,21,7,848734,784
2024-09-30,21,7,848734,786
2024-10-07,21,7,848734,689
2024-10-14,21,7,848734,755
2024-10-21,21,7,848734,618
2024-10-28,21,7,848734,602
2024-11-04,21,7,848734,648
2024-11-11,21,7,848734,589
2024-11-18,21,7,848734,639
2024-11-25,21,7,848734,591
2024-12-02,21,7,848734,538
2024-12-09,21,7,848734,631
2024-12-16,21,7,848734,636
2024-12-23,21,7,848734,658
2024-12-30,21,7,848734,701
2025-01-06,21,7,848734,549
2025-01-13,21,7,848734,611
2025-01-20,21,7,848734,587
2025-01-27,21,7,848734,581
2025-02-03,21,7,848734,638
2025-02-10,21,7,848734,642
2025-02-17,21,7,848734,705
2025-02-24,21,7,848734,721
2025-03-03,21,7,848734,752
2025-03-10,21,7,848734,743
2025-03-17,21,7,848734,706
2025-03-24,21,7,848734,706
2025-03-31,21,7,848734,755
2025-04-07,21,7,848734,931
2025-04-14,21,7,848734,1044
2025-04-21,21,7,848734,978
2025-04-28,21,7,848734,989
2025-05-05,21,7,848734,976
2025-05-12,21,7,848734,1004
2025-05-19,21,7,848734,1038
2025-05-26,21,7,848734,1089
2025-06-02,21,7,848734,843
2025-06-09,21,7,848734,943
2025-06-16,21,7,848734,949
2025-06-23,21,7,848734,928
2025-06-30,21,7,848734,1040
2025-07-07,21,7,848734,1175
2025-07-14,21,7,848734,1200
2025-07-21,21,7,848734,1110
2025-07-28,21,7,848734,996
2025-08-04,21,7,848734,752
2025-08-11,21,7,848734,843
2025-08-18,21,7,848734,932
2025-08-25,21,7,848734,931
2025-09-01,21,7,848734,1005
2025-09-08,21,7,848734,873
2025-09-15,21,7,848734,863
2025-09-22,21,7,848734,843
2025-09-29,21,7,848734,832
2025-10-06,21,7,848734,996
2025-10-13,21,7,848734,946
2025-10-20,21,7,848734,890
2025-10-27,21,7,848734,802
2025-11-03,21,7,848734,890
2025-11-10,21,7,848734,760
2025-11-17,21,7,848734,725
2025-11-24,21,7,848734,840
2025-12-01,21,7,848734,839
2025-12-08,21,7,848734,806
2025-12-15,21,7,848734,785
2025-12-22,21,7,848734,715
2024-01-01,22,5,1230361,1103
2024-01-08,22,5,1230361,1102
2024-01-15,22,5,1230361,1129
2024-01-22,22,5,1230361,1141
2024-01-29,22,5,1230361,1157
2024-02-05,22,5,1230361,1232
2024-02-12,22,5,1230361,1461
2024-02-19,22,5,1230361,1518
2024-02-26,22,5,1230361,1476
2024-03-04,22,5,1230361,1406
2024-03-11,22,5,1230361,1378
2024-03-18,22,5,1230361,1259
2024-03-25,22,5,1230361,1390
2024-04-01,22,5,1230361,1310
2024-04-08,22,5,1230361,1335
2024-04-15,22,5,1230361,1488
2024-04-22,22,5,1230361,1499
2024-04-29,22,5,1230361,1483
2024-05-06,22,5,1230361,1389
2024-05-13,22,5,1230361,1640
2024-05-20,22,5,1230361,1557
2024-05-27,22,5,1230361,1534
2024-06-03,22,5,1230361,1355
2024-06-10,22,5,1230361,1473
2024-06-17,22,5,1230361,1514
2024-06-24,22,5,1230361,1613
2024-07-01,22,5,1230361,1490
2024-07-08,22,5,1230361,1667
2024-07-15,22,5,1230361,1427
2024-07-22,22,5,1230361,1496
2024-07-29,22,5,1230361,1564
2024-08-05,22,5,1230361,1594
2024-08-12,22,5,1230361,1616
2024-08-19,22,5,1230361,1702
2024-08-26,22,5,1230361,1814
2024-09-02,22,5,1230361,1689
2024-09-09,22,5,1230361,1492
2024-09-16,22,5,1230361,1527
2024-09-23,22,5,1230361,1439
2024-09-30,22,5,1230361,1538
2024-10-07,22,5,1230361,1386
2024-10-14,22,5,1230361,1245
2024-10-21,22,5,1230361,1242
2024-10-28,22,5,1230361,1043
2024-11-04,22,5,1230361,1025
2024-11-11,22,5,1230361,1018
2024-11-18,22,5,1230361,1058
2024-11-25,22,5,1230361,970
2024-12-02,22,5,1230361,918
2024-12-09,22,5,1230361,1057
2024-12-16,22,5,1230361,1051
2024-12-23,22,5,1230361,1123
2024-12-30,22,5,1230361,1057
2025-01-06,22,5,1230361,1057
2025-01-13,22,5,1230361,1086
2025-01-20,22,5,1230361,1248
2025-01-27,22,5,1230361,1201
2025-02-03,22,5,1230361,1181
2025-02-10,22,5,1230361,1295
2025-02-17,22,5,1230361,1250
2025-02-24,22,5,1230361,1294
2025-03-03,22,5,1230361,1412
2025-03-10,22,5,1230361,1349
2025-03-17,22,5,1230361,1412
2025-03-24,22,5,1230361,1626
2025-03-31,22,5,1230361,1705
2025-04-07,22,5,1230361,1702
2025-04-14,22,5,1230361,1650
2025-04-21,22,5,1230361,1576
2025-04-28,22,5,1230361,1481
2025-05-05,22,5,1230361,1743
2025-05-12,22,5,1230361,1916
2025-05-19,22,5,1230361,1782
2025-05-26,22,5,1230361,1826
2025-06-02,22,5,1230361,1829
2025-06-09,22,5,1230361,1984
2025-06-16,22,5,1230361,1980
2025-06-23,22,5,1230361,1919
2025-06-30,22,5,1230361,1799
2025-07-07,22,5,1230361,1836
2025-07-14,22,5,1230361,1758
2025-07-21,22,5,1230361,1776
2025-07-28,22,5,1230361,1738
2025-08-04,22,5,1230361,1662
2025-08-11,22,5,1230361,1518
2025-08-18,22,5,1230361,1606
2025-08-25,22,5,1230361,1591
2025-09-01,22,5,1230361,1788
2025-09-08,22,5,1230361,1555
2025-09-15,22,5,1230361,1585
2025-09-22,22,5,1230361,1506
2025-09-29,22,5,1230361,1686
2025-10-06,22,5,1230361,1617
2025-10-13,22,5,1230361,1532
2025-10-20,22,5,1230361,1419
2025-10-27,22,5,1230361,1269
2025-11-03,22,5,1230361,1259
2025-11-10,22,5,1230361,1082
2025-11-17,22,5,1230361,962
2025-11-24,22,5,1230361,1089
2025-12-01,22,5,1230361,925
2025-12-08,22,5,1230361,938
2025-12-15,22,5,1230361,883
2025-12-22,22,5,1230361,902
2024-01-01,23,3,1415904,1100
2024-01-08,23,3,1415904,1155
2024-01-15,23,3,1415904,1065
2024-01-22,23,3,1415904,1043
2024-01-29,23,3,1415904,920
2024-02-05,23,3,1415904,801
2024-02-12,23,3,1415904,791
2024-02-19,23,3,1415904,1000
2024-02-26,23,3,1415904,1133
2024-03-04,23,3,1415904,1205
2024-03-11,23,3,1415904,1091
2024-03-18,23,3,1415904,1092
2024-03-25,23,3,1415904,1087
2024-04-01,23,3,1415904,1166
2024-04-08,23,3,1415904,1228
2024-04-15,23,3,1415904,1196
2024-04-22,23,3,1415904,1337
2024-04-29,23,3,1415904,1436
2024-05-06,23,3,1415904,1400
2024-05-13,23,3,1415904,1509
2024-05-20,23,3,1415904,1700
2024-05-27,23,3,1415904,1884
2024-06-03,23,3,1415904,1898
2024-06-10,23,3,1415904,1908
2024-06-17,23,3,1415904,1821
2024-06-24,23,3,1415904,1933
2024-07-01,23,3,1415904,1723
2024-07-08,23,3,1415904,1844
2024-07-15,23,3,1415904,1760
2024-07-22,23,3,1415904,1937
2024-07-29,23,3,1415904,1929
2024-08-05,23,3,1415904,1827
2024-08-12,23,3,1415904,1724
2024-08-19,23,3,1415904,1742
2024-08-26,23,3,1415904,1735
2024-09-02,23,3,1415904,1607
2024-09-09,23,3,1415904,1568
2024-09-16,23,3,1415904,1623
2024-09-23,23,3,1415904,1383
2024-09-30,23,3,1415904,1446
2024-10-07,23,3,1415904,1451
2024-10-14,23,3,1415904,1511
2024-10-21,23,3,1415904,1340
2024-10-28,23,3,1415904,1287
2024-11-04,23,3,1415904,1261
2024-11-11,23,3,1415904,1284
2024-11-18,23,3,1415904,1262
2024-11-25,23,3,1415904,1089
2024-12-02,23,3,1415904,1105
2024-12-09,23,3,1415904,1261
2024-12-16,23,3,1415904,1246
2024-12-23,23,3,1415904,1323
2024-12-30,23,3,1415904,1329
2025-01-06,23,3,1415904,1365
2025-01-13,23,3,1415904,1307
2025-01-20,23,3,1415904,1292
2025-01-27,23,3,1415904,1268
2025-02-03,23,3,1415904,1238
2025-02-10,23,3,1415904,1295
2025-02-17,23,3,1415904,1231
2025-02-24,23,3,1415904,1426
2025-03-03,23,3,1415904,1307
2025-03-10,23,3,1415904,1408
2025-03-17,23,3,1415904,1556
2025-03-24,23,3,1415904,1511
2025-03-31,23,3,1415904,1386
2025-04-07,23,3,1415904,1567
2025-04-14,23,3,1415904,1599
2025-04-21,23,3,1415904,1709
2025-04-28,23,3,1415904,1686
2025-05-05,23,3,1415904,1915
2025-05-12,23,3,1415904,1585
2025-05-19,23,3,1415904,1686
2025-05-26,23,3,1415904,1897
2025-06-02,23,3,1415904,1883
2025-06-09,23,3,1415904,1904
2025-06-16,23,3,1415904,1816
2025-06-23,23,3,1415904,1818
2025-06-30,23,3,1415904,1575
2025-07-07,23,3,1415904,1539
2025-07-14,23,3,1415904,1500
2025-07-21,23,3,1415904,1675
2025-07-28,23,3,1415904,1613
2025-08-04,23,3,1415904,1567
2025-08-11,23,3,1415904,1549
2025-08-18,23,3,1415904,1476
2025-08-25,23,3,1415904,1552
2025-09-01,23,3,1415904,1605
2025-09-08,23,3,1415904,1685
2025-09-15,23,3,1415904,1701
2025-09-22,23,3,1415904,1684
2025-09-29,23,3,1415904,1552
2025-10-06,23,3,1415904,1442
2025-10-13,23,3,1415904,1302
2025-10-20,23,3,1415904,1195
2025-10-27,23,3,1415904,1228
2025-11-03,23,3,1415904,1146
2025-11-10,23,3,1415904,1300
2025-11-17,23,3,1415904,1248
2025-11-24,23,3,1415904,1352
2025-12-01,23,3,1415904,1329
2025-12-08,23,3,1415904,1187
2025-12-15,23,3,1415904,1153
2025-12-22,23,3,1415904,986
2024-01-01,24,0,1640174,1151
2024-01-08,24,0,1640174,1076
2024-01-15,24,0,1640174,1215
2024-01-22,24,0,1640174,1138
2024-01-29,24,0,1640174,983
2024-02-05,24,0,1640174,1263
2024-02-12,24,0,1640174,1324
2024-02-19,24,0,1640174,1228
2024-02-26,24,0,1640174,1265
2024-03-04,24,0,1640174,1260
2024-03-11,24,0,1640174,1335
2024-03-18,24,0,1640174,1496
2024-03-25,24,0,1640174,1612
2024-04-01,24,0,1640174,1664
2024-04-08,24,0,1640174,1685
2024-04-15,24,0,1640174,1856
2024-04-22,24,0,1640174,1585
2024-04-29,24,0,1640174,1560
2024-05-06,24,0,1640174,1517
2024-05-13,24,0,1640174,1784
2024-05-20,24,0,1640174,1725
2024-05-27,24,0,1640174,1603
2024-06-03,24,0,1640174,1803
2024-06-10,24,0,1640174,1721
2024-06-17,24,0,1640174,1752
2024-06-24,24,0,1640174,2207
2024-07-01,24,0,1640174,2272
2024-07-08,24,0,1640174,2154
2024-07-15,24,0,1640174,2080
2024-07-22,24,0,1640174,2183
2024-07-29,24,0,1640174,2206
2024-08-05,24,0,1640174,2119
2024-08-12,24,0,1640174,2051
2024-08-19,24,0,1640174,1753
2024-08-26,24,0,1640174,1508
2024-09-02,24,0,1640174,1549
2024-09-09,24,0,1640174,1499
2024-09-16,24,0,1640174,1620
2024-09-23,24,0,1640174,1633
2024-09-30,24,0,1640174,1499
2024-10-07,24,0,1640174,1516
2024-10-14,24,0,1640174,1441
2024-10-21,24,0,1640174,1675
2024-10-28,24,0,1640174,1621
2024-11-04,24,0,1640174,1352
2024-11-11,24,0,1640174,1537
2024-11-18,24,0,1640174,1387
2024-11-25,24,0,1640174,1245
2024-12-02,24,0,1640174,1470
2024-12-09,24,0,1640174,1436
2024-12-16,24,0,1640174,1450
2024-12-23,24,0,1640174,1466
2024-12-30,24,0,1640174,1387
2025-01-06,24,0,1640174,1301
2025-01-13,24,0,1640174,1266
2025-01-20,24,0,1640174,1462
2025-01-27,24,0,1640174,1466
2025-02-03,24,0,1640174,1604
2025-02-10,24,0,1640174,1566
2025-02-17,24,0,1640174,1474
2025-02-24,24,0,1640174,1340
2025-03-03,24,0,1640174,1511
2025-03-10,24,0,1640174,1787
2025-03-17,24,0,1640174,1671
2025-03-24,24,0,1640174,1790
2025-03-31,24,0,1640174,1629
2025-04-07,24,0,1640174,1642
2025-04-14,24,0,1640174,1787
2025-04-21,24,0,1640174,1599
2025-04-28,24,0,1640174,1741
2025-05-05,24,0,1640174,1722
2025-05-12,24,0,1640174,1956
2025-05-19,24,0,1640174,2004
2025-05-26,24,0,1640174,2235
2025-06-02,24,0,1640174,2194
2025-06-09,24,0,1640174,1977
2025-06-16,24,0,1640174,1800
2025-06-23,24,0,1640174,1598
2025-06-30,24,0,1640174,1912
2025-07-07,24,0,1640174,2475
2025-07-14,24,0,1640174,2480
2025-07-21,24,0,1640174,2695
2025-07-28,24,0,1640174,2736
2025-08-04,24,0,1640174,2460
2025-08-11,24,0,1640174,2564
2025-08-18,24,0,1640174,2322
2025-08-25,24,0,1640174,2144
2025-09-01,24,0,1640174,2047
2025-09-08,24,0,1640174,1973
2025-09-15,24,0,1640174,2033
2025-09-22,24,0,1640174,1853
2025-09-29,24,0,1640174,1945
2025-10-06,24,0,1640174,1986
2025-10-13,24,0,1640174,1920
2025-10-20,24,0,1640174,2076
2025-10-27,24,0,1640174,2075
2025-11-03,24,0,1640174,2031
2025-11-10,24,0,1640174,1862
2025-11-17,24,0,1640174,1774
2025-11-24,24,0,1640174,1728
2025-12-01,24,0,1640174,1632
2025-12-08,24,0,1640174,1520
2025-12-15,24,0,1640174,1210
2025-12-22,24,0,1640174,1356
2024-01-01,25,3,2462939,1881
2024-01-08,25,3,2462939,1775
2024-01-15,25,3,2462939,1932
2024-01-22,25,3,2462939,1871
2024-01-29,25,3,2462939,1668
2024-02-05,25,3,2462939,1625
2024-02-12,25,3,2462939,1741
2024-02-19,25,3,2462939,1968
2024-02-26,25,3,2462939,1909
2024-03-04,25,3,2462939,1993
2024-03-11,25,3,2462939,1897
2024-03-18,25,3,2462939,2255
2024-03-25,25,3,2462939,2683
2024-04-01,25,3,2462939,3003
2024-04-08,25,3,2462939,3133
2024-04-15,25,3,2462939,3231
2024-04-22,25,3,2462939,2688
2024-04-29,25,3,2462939,2804
2024-05-06,25,3,2462939,2750
2024-05-13,25,3,2462939,3043
2024-05-20,25,3,2462939,2458
2024-05-27,25,3,2462939,2699
2024-06-03,25,3,2462939,2778
2024-06-10,25,3,2462939,3167
2024-06-17,25,3,2462939,3553
2024-06-24,25,3,2462939,3205
2024-07-01,25,3,2462939,2967
2024-07-08,25,3,2462939,3072
2024-07-15,25,3,2462939,3510
2024-07-22,25,3,2462939,3385
2024-07-29,25,3,2462939,2954
2024-08-05,25,3,2462939,2805
2024-08-12,25,3,2462939,2879
2024-08-19,25,3,2462939,2916
2024-08-26,25,3,2462939,2702
2024-09-02,25,3,2462939,2552
2024-09-09,25,3,2462939,2351
2024-09-16,25,3,2462939,2648
2024-09-23,25,3,2462939,2408
2024-09-30,25,3,2462939,2299
2024-10-07,25,3,2462939,2198
2024-10-14,25,3,2462939,1898
2024-10-21,25,3,2462939,1819
2024-10-28,25,3,2462939,2122
2024-11-04,25,3,2462939,1881
2024-11-11,25,3,2462939,1748
2024-11-18,25,3,2462939,1587
2024-11-25,25,3,2462939,1669
2024-12-02,25,3,2462939,2026
2024-12-09,25,3,2462939,1951
2024-12-16,25,3,2462939,1928
2024-12-23,25,3,2462939,1783
2024-12-30,25,3,2462939,1798
2025-01-06,25,3,2462939,2008
2025-01-13,25,3,2462939,2003
2025-01-20,25,3,2462939,2316
2025-01-27,25,3,2462939,2424
2025-02-03,25,3,2462939,2309
2025-02-10,25,3,2462939,2243
2025-02-17,25,3,2462939,2503
2025-02-24,25,3,2462939,2465
2025-03-03,25,3,2462939,2684
2025-03-10,25,3,2462939,2979
2025-03-17,25,3,2462939,2814
2025-03-24,25,3,2462939,2824
2025-03-31,25,3,2462939,2979
2025-04-07,25,3,2462939,3075
2025-04-14,25,3,2462939,3167
2025-04-21,25,3,2462939,2802
2025-04-28,25,3,2462939,2658
2025-05-05,25,3,2462939,2646
2025-05-12,25,3,2462939,3046
2025-05-19,25,3,2462939,2769
2025-05-26,25,3,2462939,3240
2025-06-02,25,3,2462939,3405
2025-06-09,25,3,2462939,3620
2025-06-16,25,3,2462939,3255
2025-06-23,25,3,2462939,3246
2025-06-30,25,3,2462939,3292
2025-07-07,25,3,2462939,3305
2025-07-14,25,3,2462939,3314
2025-07-21,25,3,2462939,3165
2025-07-28,25,3,2462939,3148
2025-08-04,25,3,2462939,3337
2025-08-11,25,3,2462939,2918
2025-08-18,25,3,2462939,3250
2025-08-25,25,3,2462939,3318
2025-09-01,25,3,2462939,2898
2025-09-08,25,3,2462939,2886
2025-09-15,25,3,2462939,2962
2025-09-22,25,3,2462939,2538
2025-09-29,25,3,2462939,2490
2025-10-06,25,3,2462939,2409
2025-10-13,25,3,2462939,2223
2025-10-20,25,3,2462939,2215
2025-10-27,25,3,2462939,2064
2025-11-03,25,3,2462939,2289
2025-11-10,25,3,2462939,2082
2025-11-17,25,3,2462939,2162
2025-11-24,25,3,2462939,1812
2025-12-01,25,3,2462939,1804
2025-12-08,25,3,2462939,1820
2025-12-15,25,3,2462939,1798
2025-12-22,25,3,2462939,1753
2024-01-01,26,0,999184,611
2024-01-08,26,0,999184,619
2024-01-15,26,0,999184,575
2024-01-22,26,0,999184,544
2024-01-29,26,0,999184,613
2024-02-05,26,0,999184,698
2024-02-12,26,0,999184,703
2024-02-19,26,0,999184,608
2024-02-26,26,0,999184,682
2024-03-04,26,0,999184,849
2024-03-11,26,0,999184,835
2024-03-18,26,0,999184,836
2024-03-25,26,0,999184,798
2024-04-01,26,0,999184,870
2024-04-08,26,0,999184,848
2024-04-15,26,0,999184,963
2024-04-22,26,0,999184,927
2024-04-29,26,0,999184,983
2024-05-06,26,0,999184,998
2024-05-13,26,0,999184,1144
2024-05-20,26,0,999184,1159
2024-05-27,26,0,999184,1255
2024-06-03,26,0,999184,1218
2024-06-10,26,0,999184,1168
2024-06-17,26,0,999184,1145
2024-06-24,26,0,999184,1063
2024-07-01,26,0,999184,1117
2024-07-08,26,0,999184,1047
2024-07-15,26,0,999184,1063
2024-07-22,26,0,999184,1134
2024-07-29,26,0,999184,1238
2024-08-05,26,0,999184,1184
2024-08-12,26,0,999184,1196
2024-08-19,26,0,999184,1186
2024-08-26,26,0,999184,1080
2024-09-02,26,0,999184,1194
2024-09-09,26,0,999184,1055
2024-09-16,26,0,999184,1002
2024-09-23,26,0,999184,1054
2024-09-30,26,0,999184,1077
2024-10-07,26,0,999184,985
2024-10-14,26,0,999184,979
2024-10-21,26,0,999184,888
2024-10-28,26,0,999184,804
2024-11-04,26,0,999184,699
2024-11-11,26,0,999184,736
2024-11-18,26,0,999184,763
2024-11-25,26,0,999184,699
2024-12-02,26,0,999184,700
2024-12-09,26,0,999184,827
2024-12-16,26,0,999184,834
2024-12-23,26,0,999184,731
2024-12-30,26,0,999184,763
2025-01-06,26,0,999184,688
2025-01-13,26,0,999184,532
2025-01-20,26,0,999184,580
2025-01-27,26,0,999184,707
2025-02-03,26,0,999184,797
2025-02-10,26,0,999184,811
2025-02-17,26,0,999184,774
2025-02-24,26,0,999184,818
2025-03-03,26,0,999184,810
2025-03-10,26,0,999184,796
2025-03-17,26,0,999184,900
2025-03-24,26,0,999184,874
2025-03-31,26,0,999184,981
2025-04-07,26,0,999184,941
2025-04-14,26,0,999184,1120
2025-04-21,26,0,999184,970
2025-04-28,26,0,999184,920
2025-05-05,26,0,999184,954
2025-05-12,26,0,999184,830
2025-05-19,26,0,999184,692
2025-05-26,26,0,999184,645
2025-06-02,26,0,999184,761
2025-06-09,26,0,999184,847
2025-06-16,26,0,999184,961
2025-06-23,26,0,999184,994
2025-06-30,26,0,999184,1060
2025-07-07,26,0,999184,1037
2025-07-14,26,0,999184,1121
2025-07-21,26,0,999184,1163
2025-07-28,26,0,999184,1106
2025-08-04,26,0,999184,1135
2025-08-11,26,0,999184,1085
2025-08-18,26,0,999184,932
2025-08-25,26,0,999184,1020
2025-09-01,26,0,999184,926
2025-09-08,26,0,999184,995
2025-09-15,26,0,999184,987
2025-09-22,26,0,999184,943
2025-09-29,26,0,999184,775
2025-10-06,26,0,999184,895
2025-10-13,26,0,999184,836
2025-10-20,26,0,999184,855
2025-10-27,26,0,999184,812
2025-11-03,26,0,999184,767
2025-11-10,26,0,999184,759
2025-11-17,26,0,999184,740
2025-11-24,26,0,999184,706
2025-12-01,26,0,999184,693
2025-12-08,26,0,999184,710
2025-12-15,26,0,999184,725
2025-12-22,26,0,999184,712
2024-01-01,27,7,1785586,1416
2024-01-08,27,7,1785586,1242
2024-01-15,27,7,1785586,1206
2024-01-22,27,7,1785586,1208
2024-01-29,27,7,1785586,1279
2024-02-05,27,7,1785586,1263
2024-02-12,27,7,1785586,1510
2024-02-19,27,7,1785586,1445
2024-02-26,27,7,1785586,1570
2024-03-04,27,7,1785586,1966
2024-03-11,27,7,1785586,2065
2024-03-18,27,7,1785586,2143
2024-03-25,27,7,1785586,2446
2024-04-01,27,7,1785586,2593
2024-04-08,27,7,1785586,2608
2024-04-15,27,7,1785586,2485
2024-04-22,27,7,1785586,2463
2024-04-29,27,7,1785586,2453
2024-05-06,27,7,1785586,2397
2024-05-13,27,7,1785586,2485
2024-05-20,27,7,1785586,2587
2024-05-27,27,7,1785586,2347
2024-06-03,27,7,1785586,2768
2024-06-10,27,7,1785586,2821
2024-06-17,27,7,1785586,2719
2024-06-24,27,7,1785586,2748
2024-07-01,27,7,1785586,2914
2024-07-08,27,7,1785586,2520
2024-07-15,27,7,1785586,2523
2024-07-22,27,7,1785586,2290
2024-07-29,27,7,1785586,2914
2024-08-05,27,7,1785586,2810
2024-08-12,27,7,1785586,2457
2024-08-19,27,7,1785586,3146
2024-08-26,27,7,1785586,2784
2024-09-02,27,7,1785586,2580
2024-09-09,27,7,1785586,2434
2024-09-16,27,7,1785586,2186
2024-09-23,27,7,1785586,2192
2024-09-30,27,7,1785586,1755
2024-10-07,27,7,1785586,1997
2024-10-14,27,7,1785586,1780
2024-10-21,27,7,1785586,1731
2024-10-28,27,7,1785586,1862
2024-11-04,27,7,1785586,1792
2024-11-11,27,7,1785586,1738
2024-11-18,27,7,1785586,1573
2024-11-25,27,7,1785586,1883
2024-12-02,27,7,1785586,1874
2024-12-09,27,7,1785586,1650
2024-12-16,27,7,1785586,1664
2024-12-23,27,7,1785586,1501
2024-12-30,27,7,1785586,1771
2025-01-06,27,7,1785586,1769
2025-01-13,27,7,1785586,1622
2025-01-20,27,7,1785586,1755
2025-01-27,27,7,1785586,1732
2025-02-03,27,7,1785586,1588
2025-02-10,27,7,1785586,1741
2025-02-17,27,7,1785586,1867
2025-02-24,27,7,1785586,2100
2025-03-03,27,7,1785586,2125
2025-03-10,27,7,1785586,2172
2025-03-17,27,7,1785586,2237
2025-03-24,27,7,1785586,2558
2025-03-31,27,7,1785586,2475
2025-04-07,27,7,1785586,2579
2025-04-14,27,7,1785586,2705
2025-04-21,27,7,1785586,2764
2025-04-28,27,7,1785586,2682
2025-05-05,27,7,1785586,2734
2025-05-12,27,7,1785586,2739
2025-05-19,27,7,1785586,3202
2025-05-26,27,7,1785586,3011
2025-06-02,27,7,1785586,2777
2025-06-09,27,7,1785586,2820
2025-06-16,27,7,1785586,2835
2025-06-23,27,7,1785586,2908
2025-06-30,27,7,1785586,2805
2025-07-07,27,7,1785586,2857
2025-07-14,27,7,1785586,2890
2025-07-21,27,7,1785586,3080
2025-07-28,27,7,1785586,3012
2025-08-04,27,7,1785586,2951
2025-08-11,27,7,1785586,2982
2025-08-18,27,7,1785586,3059
2025-08-25,27,7,1785586,2692
2025-09-01,27,7,1785586,2366
2025-09-08,27,7,1785586,2730
2025-09-15,27,7,1785586,2750
2025-09-22,27,7,1785586,2558
2025-09-29,27,7,1785586,2450
2025-10-06,27,7,1785586,2280
2025-10-13,27,7,1785586,2253
2025-10-20,27,7,1785586,2010
2025-10-27,27,7,1785586,2135
2025-11-03,27,7,1785586,2093
2025-11-10,27,7,1785586,2055
2025-11-17,27,7,1785586,1847
2025-11-24,27,7,1785586,1914
2025-12-01,27,7,1785586,1745
2025-12-08,27,7,1785586,1654
2025-12-15,27,7,1785586,1706
2025-12-22,27,7,1785586,2096
2024-01-01,28,7,1981036,1258
2024-01-08,28,7,1981036,1160
2024-01-15,28,7,1981036,1197
2024-01-22,28,7,1981036,1169
2024-01-29,28,7,1981036,1314
2024-02-05,28,7,1981036,1346
2024-02-12,28,7,1981036,1238
2024-02-19,28,7,1981036,1236
2024-02-26,28,7,1981036,1394
2024-03-04,28,7,1981036,1591
2024-03-11,28,7,1981036,1593
2024-03-18,28,7,1981036,1484
2024-03-25,28,7,1981036,1684
2024-04-01,28,7,1981036,1800
2024-04-08,28,7,1981036,1982
2024-04-15,28,7,1981036,1989
2024-04-22,28,7,1981036,1891
2024-04-29,28,7,1981036,1981
2024-05-06,28,7,1981036,2029
2024-05-13,28,7,1981036,1934
2024-05-20,28,7,1981036,1993
2024-05-27,28,7,1981036,1978
2024-06-03,28,7,1981036,2120
2024-06-10,28,7,1981036,2184
2024-06-17,28,7,1981036,1978
2024-06-24,28,7,1981036,1815
2024-07-01,28,7,1981036,1870
2024-07-08,28,7,1981036,1924
2024-07-15,28,7,1981036,2074
2024-07-22,28,7,1981036,2129
2024-07-29,28,7,1981036,2307
2024-08-05,28,7,1981036,2112
2024-08-12,28,7,1981036,1956
2024-08-19,28,7,1981036,1770
2024-08-26,28,7,1981036,1885
2024-09-02,28,7,1981036,1841
2024-09-09,28,7,1981036,1527
2024-09-16,28,7,1981036,1589
2024-09-23,28,7,1981036,1623
2024-09-30,28,7,1981036,1575
2024-10-07,28,7,1981036,1583
2024-10-14,28,7,1981036,1386
2024-10-21,28,7,1981036,1585
2024-10-28,28,7,1981036,1555
2024-11-04,28,7,1981036,1280
2024-11-11,28,7,1981036,1281
2024-11-18,28,7,1981036,1318
2024-11-25,28,7,1981036,1177
2024-12-02,28,7,1981036,1246
2024-12-09,28,7,1981036,1406
2024-12-16,28,7,1981036,1282
2024-12-23,28,7,1981036,1305
2024-12-30,28,7,1981036,1302
2025-01-06,28,7,1981036,1380
2025-01-13,28,7,1981036,1336
2025-01-20,28,7,1981036,1217
2025-01-27,28,7,1981036,1342
2025-02-03,28,7,1981036,1244
2025-02-10,28,7,1981036,1485
2025-02-17,28,7,1981036,1539
2025-02-24,28,7,1981036,1462
2025-03-03,28,7,1981036,1618
2025-03-10,28,7,1981036,1614
2025-03-17,28,7,1981036,1600
2025-03-24,28,7,1981036,1545
2025-03-31,28,7,1981036,1359
2025-04-07,28,7,1981036,1567
2025-04-14,28,7,1981036,1422
2025-04-21,28,7,1981036,1442
2025-04-28,28,7,1981036,1645
2025-05-05,28,7,1981036,1662
2025-05-12,28,7,1981036,1782
2025-05-19,28,7,1981036,1662
2025-05-26,28,7,1981036,1716
2025-06-02,28,7,1981036,1840
2025-06-09,28,7,1981036,1750
2025-06-16,28,7,1981036,2114
2025-06-23,28,7,1981036,1992
2025-06-30,28,7,1981036,2231
2025-07-07,28,7,1981036,2142
2025-07-14,28,7,1981036,1845
2025-07-21,28,7,1981036,1702
2025-07-28,28,7,1981036,1803
2025-08-04,28,7,1981036,1997
2025-08-11,28,7,1981036,2229
2025-08-18,28,7,1981036,2121
2025-08-25,28,7,1981036,1837
2025-09-01,28,7,1981036,1843
2025-09-08,28,7,1981036,1673
2025-09-15,28,7,1981036,1712
2025-09-22,28,7,1981036,1542
2025-09-29,28,7,1981036,1265
2025-10-06,28,7,1981036,1500
2025-10-13,28,7,1981036,1450
2025-10-20,28,7,1981036,1436
2025-10-27,28,7,1981036,1523
2025-11-03,28,7,1981036,1666
2025-11-10,28,7,1981036,1622
2025-11-17,28,7,1981036,1516
2025-11-24,28,7,1981036,1475
2025-12-01,28,7,1981036,1365
2025-12-08,28,7,1981036,1320
2025-12-15,28,7,1981036,1300
2025-12-22,28,7,1981036,1196
2024-01-01,29,5,616126,527
2024-01-08,29,5,616126,603
2024-01-15,29,5,616126,593
2024-01-22,29,5,616126,622
2024-01-29,29,5,616126,673
2024-02-05,29,5,616126,670
2024-02-12,29,5,616126,643
2024-02-19,29,5,616126,637
2024-02-26,29,5,616126,641
2024-03-04,29,5,616126,754
2024-03-11,29,5,616126,665
2024-03-18,29,5,616126,588
2024-03-25,29,5,616126,540
2024-04-01,29,5,616126,556
2024-04-08,29,5,616126,668
2024-04-15,29,5,616126,759
2024-04-22,29,5,616126,744
2024-04-29,29,5,616126,774
2024-05-06,29,5,616126,728
2024-05-13,29,5,616126,703
2024-05-20,29,5,616126,798
2024-05-27,29,5,616126,900
2024-06-03,29,5,616126,868
2024-06-10,29,5,616126,995
2024-06-17,29,5,616126,1038
2024-06-24,29,5,616126,1111
2024-07-01,29,5,616126,1026
2024-07-08,29,5,616126,1093
2024-07-15,29,5,616126,1183
2024-07-22,29,5,616126,1057
2024-07-29,29,5,616126,983
2024-08-05,29,5,616126,872
2024-08-12,29,5,616126,777
2024-08-19,29,5,616126,708
2024-08-26,29,5,616126,677
2024-09-02,29,5,616126,719
2024-09-09,29,5,616126,676
2024-09-16,29,5,616126,703
2024-09-23,29,5,616126,714
2024-09-30,29,5,616126,673
2024-10-07,29,5,616126,661
2024-10-14,29,5,616126,622
2024-10-21,29,5,616126,602
2024-10-28,29,5,616126,558
2024-11-04,29,5,616126,568
2024-11-11,29,5,616126,538
2024-11-18,29,5,616126,488
2024-11-25,29,5,616126,532
2024-12-02,29,5,616126,561
2024-12-09,29,5,616126,601
2024-12-16,29,5,616126,535
2024-12-23,29,5,616126,513
2024-12-30,29,5,616126,531
2025-01-06,29,5,616126,513
2025-01-13,29,5,616126,550
2025-01-20,29,5,616126,576
2025-01-27,29,5,616126,599
2025-02-03,29,5,616126,664
2025-02-10,29,5,616126,680
2025-02-17,29,5,616126,674
2025-02-24,29,5,616126,658
2025-03-03,29,5,616126,656
2025-03-10,29,5,616126,612
2025-03-17,29,5,616126,547
2025-03-24,29,5,616126,626
2025-03-31,29,5,616126,732
2025-04-07,29,5,616126,725
2025-04-14,29,5,616126,840
2025-04-21,29,5,616126,821
2025-04-28,29,5,616126,701
2025-05-05,29,5,616126,799
2025-05-12,29,5,616126,783
2025-05-19,29,5,616126,873
2025-05-26,29,5,616126,786
2025-06-02,29,5,616126,839
2025-06-09,29,5,616126,795
2025-06-16,29,5,616126,832
2025-06-23,29,5,616126,897
2025-06-30,29,5,616126,924
2025-07-07,29,5,616126,909
2025-07-14,29,5,616126,796
2025-07-21,29,5,616126,858
2025-07-28,29,5,616126,916
2025-08-04,29,5,616126,813
2025-08-11,29,5,616126,747
2025-08-18,29,5,616126,823
2025-08-25,29,5,616126,787
2025-09-01,29,5,616126,715
2025-09-08,29,5,616126,730
2025-09-15,29,5,616126,679
2025-09-22,29,5,616126,684
2025-09-29,29,5,616126,649
2025-10-06,29,5,616126,624
2025-10-13,29,5,616126,676
2025-10-20,29,5,616126,523
2025-10-27,29,5,616126,566
2025-11-03,29,5,616126,608
2025-11-10,29,5,616126,559
2025-11-17,29,5,616126,593
2025-11-24,29,5,616126,529
2025-12-01,29,5,616126,497
2025-12-08,29,5,616126,469
2025-12-15,29,5,616126,522
2025-12-22,29,5,616126,447
2024-01-01,30,5,2018862,1518
2024-01-08,30,5,2018862,1640
2024-01-15,30,5,2018862,1655
2024-01-22,30,5,2018862,1932
2024-01-29,30,5,2018862,1989
2024-02-05,30,5,2018862,2200
2024-02-12,30,5,2018862,1913
2024-02-19,30,5,2018862,1448
2024-02-26,30,5,2018862,1649
2024-03-04,30,5,2018862,1796
2024-03-11,30,5,2018862,1883
2024-03-18,30,5,2018862,2003
2024-03-25,30,5,2018862,1901
2024-04-01,30,5,2018862,2141
2024-04-08,30,5,2018862,2370
2024-04-15,30,5,2018862,2192
2024-04-22,30,5,2018862,2240
2024-04-29,30,5,2018862,2301
2024-05-06,30,5,2018862,2282
2024-05-13,30,5,2018862,2175
2024-05-20,30,5,2018862,2356
2024-05-27,30,5,2018862,2549
2024-06-03,30,5,2018862,2502
2024-06-10,30,5,2018862,2364
2024-06-17,30,5,2018862,2604
2024-06-24,30,5,2018862,2507
2024-07-01,30,5,2018862,2538
2024-07-08,30,5,2018862,2526
2024-07-15,30,5,2018862,2889
2024-07-22,30,5,2018862,2688
2024-07-29,30,5,2018862,3080
2024-08-05,30,5,2018862,3117
2024-08-12,30,5,2018862,3352
2024-08-19,30,5,2018862,3241
2024-08-26,30,5,2018862,2956
2024-09-02,30,5,2018862,2598
2024-09-09,30,5,2018862,2446
2024-09-16,30,5,2018862,2676
2024-09-23,30,5,2018862,2513
2024-09-30,30,5,2018862,2508
2024-10-07,30,5,2018862,2397
2024-10-14,30,5,2018862,2307
2024-10-21,30,5,2018862,2230
2024-10-28,30,5,2018862,2190
2024-11-04,30,5,2018862,1940
2024-11-11,30,5,2018862,1841
2024-11-18,30,5,2018862,1847
2024-11-25,30,5,2018862,1819
2024-12-02,30,5,2018862,1705
2024-12-09,30,5,2018862,1743
2024-12-16,30,5,2018862,1607
2024-12-23,30,5,2018862,1453
2024-12-30,30,5,2018862,1554
2025-01-06,30,5,2018862,1430
2025-01-13,30,5,2018862,1550
2025-01-20,30,5,2018862,1341
2025-01-27,30,5,2018862,1372
2025-02-03,30,5,2018862,1463
2025-02-10,30,5,2018862,1358
2025-02-17,30,5,2018862,1477
2025-02-24,30,5,2018862,1818
2025-03-03,30,5,2018862,1703
2025-03-10,30,5,2018862,1785
2025-03-17,30,5,2018862,2207
2025-03-24,30,5,2018862,2063
2025-03-31,30,5,2018862,2414
2025-04-07,30,5,2018862,2386
2025-04-14,30,5,2018862,2456
2025-04-21,30,5,2018862,2758
2025-04-28,30,5,2018862,2640
2025-05-05,30,5,2018862,2798
2025-05-12,30,5,2018862,2981
2025-05-19,30,5,2018862,2795
2025-05-26,30,5,2018862,2644
2025-06-02,30,5,2018862,2660
2025-06-09,30,5,2018862,2681
2025-06-16,30,5,2018862,2498
2025-06-23,30,5,2018862,2466
2025-06-30,30,5,2018862,1795
2025-07-07,30,5,2018862,2035
2025-07-14,30,5,2018862,2476
2025-07-21,30,5,2018862,2192
2025-07-28,30,5,2018862,2256
2025-08-04,30,5,2018862,2928
2025-08-11,30,5,2018862,2830
2025-08-18,30,5,2018862,3038
2025-08-25,30,5,2018862,2657
2025-09-01,30,5,2018862,2678
2025-09-08,30,5,2018862,2340
2025-09-15,30,5,2018862,2401
2025-09-22,30,5,2018862,2499
2025-09-29,30,5,2018862,2495
2025-10-06,30,5,2018862,2296
2025-10-13,30,5,2018862,2248
2025-10-20,30,5,2018862,2194
2025-10-27,30,5,2018862,2199
2025-11-03,30,5,2018862,2058
2025-11-10,30,5,2018862,2108
2025-11-17,30,5,2018862,2199
2025-11-24,30,5,2018862,1995
2025-12-01,30,5,2018862,1900
2025-12-08,30,5,2018862,1700
2025-12-15,30,5,2018862,1731
2025-12-22,30,5,2018862,1755
2024-01-01,31,1,926310,573
2024-01-08,31,1,926310,551
2024-01-15,31,1,926310,606
2024-01-22,31,1,926310,605
2024-01-29,31,1,926310,695
2024-02-05,31,1,926310,736
2024-02-12,31,1,926310,686
2024-02-19,31,1,926310,734
2024-02-26,31,1,926310,716
2024-03-04,31,1,926310,761
2024-03-11,31,1,926310,823
2024-03-18,31,1,926310,893
2024-03-25,31,1,926310,893
2024-04-01,31,1,926310,991
2024-04-08,31,1,926310,993
2024-04-15,31,1,926310,980
2024-04-22,31,1,926310,945
2024-04-29,31,1,926310,901
2024-05-06,31,1,926310,950
2024-05-13,31,1,926310,965
2024-05-20,31,1,926310,992
2024-05-27,31,1,926310,1030
2024-06-03,31,1,926310,1041
2024-06-10,31,1,926310,1188
2024-06-17,31,1,926310,1092
2024-06-24,31,1,926310,1099
2024-07-01,31,1,926310,1049
2024-07-08,31,1,926310,835
2024-07-15,31,1,926310,862
2024-07-22,31,1,926310,819
2024-07-29,31,1,926310,853
2024-08-05,31,1,926310,874
2024-08-12,31,1,926310,914
2024-08-19,31,1,926310,867
2024-08-26,31,1,926310,837
2024-09-02,31,1,926310,889
2024-09-09,31,1,926310,812
2024-09-16,31,1,926310,683
2024-09-23,31,1,926310,722
2024-09-30,31,1,926310,800
2024-10-07,31,1,926310,820
2024-10-14,31,1,926310,795
2024-10-21,31,1,926310,834
2024-10-28,31,1,926310,844
2024-11-04,31,1,926310,765
2024-11-11,31,1,926310,738
2024-11-18,31,1,926310,718
2024-11-25,31,1,926310,682
2024-12-02,31,1,926310,718
2024-12-09,31,1,926310,676
2024-12-16,31,1,926310,630
2024-12-23,31,1,926310,495
2024-12-30,31,1,926310,491
2025-01-06,31,1,926310,465
2025-01-13,31,1,926310,512
2025-01-20,31,1,926310,488
2025-01-27,31,1,926310,569
2025-02-03,31,1,926310,658
2025-02-10,31,1,926310,668
2025-02-17,31,1,926310,629
2025-02-24,31,1,926310,676
2025-03-03,31,1,926310,809
2025-03-10,31,1,926310,896
2025-03-17,31,1,926310,787
2025-03-24,31,1,926310,710
2025-03-31,31,1,926310,642
2025-04-07,31,1,926310,633
2025-04-14,31,1,926310,725
2025-04-21,31,1,926310,740
2025-04-28,31,1,926310,736
2025-05-05,31,1,926310,871
2025-05-12,31,1,926310,936
2025-05-19,31,1,926310,818
2025-05-26,31,1,926310,939
2025-06-02,31,1,926310,990
2025-06-09,31,1,926310,1030
2025-06-16,31,1,926310,972
2025-06-23,31,1,926310,960
2025-06-30,31,1,926310,811
2025-07-07,31,1,926310,926
2025-07-14,31,1,926310,858
2025-07-21,31,1,926310,817
2025-07-28,31,1,926310,784
2025-08-04,31,1,926310,959
2025-08-11,31,1,926310,889
2025-08-18,31,1,926310,952
2025-08-25,31,1,926310,919
2025-09-01,31,1,926310,833
2025-09-08,31,1,926310,756
2025-09-15,31,1,926310,723
2025-09-22,31,1,926310,730
2025-09-29,31,1,926310,771
2025-10-06,31,1,926310,724
2025-10-13,31,1,926310,685
2025-10-20,31,1,926310,631
2025-10-27,31,1,926310,573
2025-11-03,31,1,926310,525
2025-11-10,31,1,926310,610
2025-11-17,31,1,926310,585
2025-11-24,31,1,926310,569
2025-12-01,31,1,926310,546
2025-12-08,31,1,926310,546
2025-12-15,31,1,926310,579
2025-12-22,31,1,926310,561
2024-01-01,32,6,662628,425
2024-01-08,32,6,662628,461
2024-01-15,32,6,662628,415
2024-01-22,32,6,662628,445
2024-01-29,32,6,662628,417
2024-02-05,32,6,662628,498
2024-02-12,32,6,662628,508
2024-02-19,32,6,662628,490
2024-02-26,32,6,662628,514
2024-03-04,32,6,662628,520
2024-03-11,32,6,662628,523
2024-03-18,32,6,662628,459
2024-03-25,32,6,662628,450
2024-04-01,32,6,662628,486
2024-04-08,32,6,662628,445
2024-04-15,32,6,662628,470
2024-04-22,32,6,662628,496
2024-04-29,32,6,662628,503
2024-05-06,32,6,662628,590
2024-05-13,32,6,662628,570
2024-05-20,32,6,662628,609
2024-05-27,32,6,662628,614
2024-06-03,32,6,662628,632
2024-06-10,32,6,662628,740
2024-06-17,32,6,662628,739
2024-06-24,32,6,662628,748
2024-07-01,32,6,662628,690
2024-07-08,32,6,662628,725
2024-07-15,32,6,662628,745
2024-07-22,32,6,662628,750
2024-07-29,32,6,662628,659
2024-08-05,32,6,662628,626
2024-08-12,32,6,662628,707
2024-08-19,32,6,662628,647
2024-08-26,32,6,662628,717
2024-09-02,32,6,662628,653
2024-09-09,32,6,662628,639
2024-09-16,32,6,662628,608
2024-09-23,32,6,662628,552
2024-09-30,32,6,662628,510
2024-10-07,32,6,662628,484
2024-10-14,32,6,662628,499
2024-10-21,32,6,662628,538
2024-10-28,32,6,662628,526
2024-11-04,32,6,662628,510
2024-11-11,32,6,662628,546
2024-11-18,32,6,662628,522
2024-11-25,32,6,662628,483
2024-12-02,32,6,662628,438
2024-12-09,32,6,662628,492
2024-12-16,32,6,662628,470
2024-12-23,32,6,662628,447
2024-12-30,32,6,662628,430
2025-01-06,32,6,662628,490
2025-01-13,32,6,662628,469
2025-01-20,32,6,662628,517
2025-01-27,32,6,662628,508
2025-02-03,32,6,662628,467
2025-02-10,32,6,662628,477
2025-02-17,32,6,662628,501
2025-02-24,32,6,662628,520
2025-03-03,32,6,662628,538
2025-03-10,32,6,662628,548
2025-03-17,32,6,662628,538
2025-03-24,32,6,662628,574
2025-03-31,32,6,662628,632
2025-04-07,32,6,662628,575
2025-04-14,32,6,662628,686
2025-04-21,32,6,662628,495
2025-04-28,32,6,662628,571
2025-05-05,32,6,662628,653
2025-05-12,32,6,662628,651
2025-05-19,32,6,662628,561
2025-05-26,32,6,662628,621
2025-06-02,32,6,662628,682
2025-06-09,32,6,662628,643
2025-06-16,32,6,662628,636
2025-06-23,32,6,662628,744
2025-06-30,32,6,662628,765
2025-07-07,32,6,662628,676
2025-07-14,32,6,662628,735
2025-07-21,32,6,662628,687
2025-07-28,32,6,662628,660
2025-08-04,32,6,662628,698
2025-08-11,32,6,662628,714
2025-08-18,32,6,662628,690
2025-08-25,32,6,662628,663
2025-09-01,32,6,662628,655
2025-09-08,32,6,662628,614
2025-09-15,32,6,662628,684
2025-09-22,32,6,662628,584
2025-09-29,32,6,662628,581
2025-10-06,32,6,662628,563
2025-10-13,32,6,662628,639
2025-10-20,32,6,662628,622
2025-10-27,32,6,662628,564
2025-11-03,32,6,662628,609
2025-11-10,32,6,662628,491
2025-11-17,32,6,662628,532
2025-11-24,32,6,662628,602
2025-12-01,32,6,662628,602
2025-12-08,32,6,662628,569
2025-12-15,32,6,662628,514
2025-12-22,32,6,662628,584
2024-01-01,33,3,2872213,2330
2024-01-08,33,3,2872213,2111
2024-01-15,33,3,2872213,2592
2024-01-22,33,3,2872213,2684
2024-01-29,33,3,2872213,2360
2024-02-05,33,3,2872213,2781
2024-02-12,33,3,2872213,2633
2024-02-19,33,3,2872213,2598
2024-02-26,33,3,2872213,2947
2024-03-04,33,3,2872213,3318
2024-03-11,33,3,2872213,3063
2024-03-18,33,3,2872213,3516
2024-03-25,33,3,2872213,3737
2024-04-01,33,3,2872213,3491
2024-04-08,33,3,2872213,3489
2024-04-15,33,3,2872213,4015
2024-04-22,33,3,2872213,3536
2024-04-29,33,3,2872213,4088
2024-05-06,33,3,2872213,4355
2024-05-13,33,3,2872213,4465
2024-05-20,33,3,2872213,4443
2024-05-27,33,3,2872213,5045
2024-06-03,33,3,2872213,5542
2024-06-10,33,3,2872213,4986
2024-06-17,33,3,2872213,5010
2024-06-24,33,3,2872213,5458
2024-07-01,33,3,2872213,4854
2024-07-08,33,3,2872213,4774
2024-07-15,33,3,2872213,4966
2024-07-22,33,3,2872213,4049
2024-07-29,33,3,2872213,4360
2024-08-05,33,3,2872213,3908
2024-08-12,33,3,2872213,3998
2024-08-19,33,3,2872213,4340
2024-08-26,33,3,2872213,3412
2024-09-02,33,3,2872213,3749
2024-09-09,33,3,2872213,4321
2024-09-16,33,3,2872213,3899
2024-09-23,33,3,2872213,3901
2024-09-30,33,3,2872213,4075
2024-10-07,33,3,2872213,3354
2024-10-14,33,3,2872213,3464
2024-10-21,33,3,2872213,3571
2024-10-28,33,3,2872213,3513
2024-11-04,33,3,2872213,3311
2024-11-11,33,3,2872213,2899
2024-11-18,33,3,2872213,3152
2024-11-25,33,3,2872213,3003
2024-12-02,33,3,2872213,2686
2024-12-09,33,3,2872213,2593
2024-12-16,33,3,2872213,2677
2024-12-23,33,3,2872213,2329
2024-12-30,33,3,2872213,2430
2025-01-06,33,3,2872213,2420
2025-01-13,33,3,2872213,2807
2025-01-20,33,3,2872213,2404
2025-01-27,33,3,2872213,2761
2025-02-03,33,3,2872213,3158
2025-02-10,33,3,2872213,2718
2025-02-17,33,3,2872213,2451
2025-02-24,33,3,2872213,3150
2025-03-03,33,3,2872213,3013
2025-03-10,33,3,2872213,4008
2025-03-17,33,3,2872213,3441
2025-03-24,33,3,2872213,3614
2025-03-31,33,3,2872213,3719
2025-04-07,33,3,2872213,3773
2025-04-14,33,3,2872213,4055
2025-04-21,33,3,2872213,4313
2025-04-28,33,3,2872213,4302
2025-05-05,33,3,2872213,4028
2025-05-12,33,3,2872213,4571
2025-05-19,33,3,2872213,4836
2025-05-26,33,3,2872213,4858
2025-06-02,33,3,2872213,5063
2025-06-09,33,3,2872213,5284
2025-06-16,33,3,2872213,4866
2025-06-23,33,3,2872213,5072
2025-06-30,33,3,2872213,4785
2025-07-07,33,3,2872213,5093
2025-07-14,33,3,2872213,4914
2025-07-21,33,3,2872213,5076
2025-07-28,33,3,2872213,4771
2025-08-04,33,3,2872213,4944
2025-08-11,33,3,2872213,4428
2025-08-18,33,3,2872213,4413
2025-08-25,33,3,2872213,4703
2025-09-01,33,3,2872213,4680
2025-09-08,33,3,2872213,4530
2025-09-15,33,3,2872213,4918
2025-09-22,33,3,2872213,4877
2025-09-29,33,3,2872213,4748
2025-10-06,33,3,2872213,4556
2025-10-13,33,3,2872213,4420
2025-10-20,33,3,2872213,4536
2025-10-27,33,3,2872213,3998
2025-11-03,33,3,2872213,3992
2025-11-10,33,3,2872213,3787
2025-11-17,33,3,2872213,3439
2025-11-24,33,3,2872213,3260
2025-12-01,33,3,2872213,3206
2025-12-08,33,3,2872213,2905
2025-12-15,33,3,2872213,3108
2025-12-22,33,3,2872213,3025
2024-01-01,34,2,2914080,2328
2024-01-08,34,2,2914080,1772
2024-01-15,34,2,2914080,1446
2024-01-22,34,2,2914080,1963
2024-01-29,34,2,2914080,2035
2024-02-05,34,2,2914080,2148
2024-02-12,34,2,2914080,2374
2024-02-19,34,2,2914080,2439
2024-02-26,34,2,2914080,2493
2024-03-04,34,2,2914080,2755
2024-03-11,34,2,2914080,2532
2024-03-18,34,2,2914080,3041
2024-03-25,34,2,2914080,3099
2024-04-01,34,2,2914080,2965
2024-04-08,34,2,2914080,2852
2024-04-15,34,2,2914080,3120
2024-04-22,34,2,2914080,3240
2024-04-29,34,2,2914080,2980
2024-05-06,34,2,2914080,3091
2024-05-13,34,2,2914080,3121
2024-05-20,34,2,2914080,3808
2024-05-27,34,2,2914080,3952
2024-06-03,34,2,2914080,4531
2024-06-10,34,2,2914080,4201
2024-06-17,34,2,2914080,4104
2024-06-24,34,2,2914080,4256
2024-07-01,34,2,2914080,4427
2024-07-08,34,2,2914080,4572
2024-07-15,34,2,2914080,4126
2024-07-22,34,2,2914080,3808
2024-07-29,34,2,2914080,3732
2024-08-05,34,2,2914080,4241
2024-08-12,34,2,2914080,3779
2024-08-19,34,2,2914080,3583
2024-08-26,34,2,2914080,3798
2024-09-02,34,2,2914080,3890
2024-09-09,34,2,2914080,3880
2024-09-16,34,2,2914080,3701
2024-09-23,34,2,2914080,3236
2024-09-30,34,2,2914080,2993
2024-10-07,34,2,2914080,3261
2024-10-14,34,2,2914080,3316
2024-10-21,34,2,2914080,2820
2024-10-28,34,2,2914080,2974
2024-11-04,34,2,2914080,3148
2024-11-11,34,2,2914080,2968
2024-11-18,34,2,2914080,2910
2024-11-25,34,2,2914080,2979
2024-12-02,34,2,2914080,2670
2024-12-09,34,2,2914080,3065
2024-12-16,34,2,2914080,3119
2024-12-23,34,2,2914080,3026
2024-12-30,34,2,2914080,2863
2025-01-06,34,2,2914080,2871
2025-01-13,34,2,2914080,2481
2025-01-20,34,2,2914080,2974
2025-01-27,34,2,2914080,3160
2025-02-03,34,2,2914080,3401
2025-02-10,34,2,2914080,3294
2025-02-17,34,2,2914080,3161
2025-02-24,34,2,2914080,3020
2025-03-03,34,2,2914080,3313
2025-03-10,34,2,2914080,3228
2025-03-17,34,2,2914080,3282
2025-03-24,34,2,2914080,3554
2025-03-31,34,2,2914080,3448
2025-04-07,34,2,2914080,3894
2025-04-14,34,2,2914080,3936
2025-04-21,34,2,2914080,3531
2025-04-28,34,2,2914080,3519
2025-05-05,34,2,2914080,4174
2025-05-12,34,2,2914080,3923
2025-05-19,34,2,2914080,4376
2025-05-26,34,2,2914080,4449
2025-06-02,34,2,2914080,4406
2025-06-09,34,2,2914080,5328
2025-06-16,34,2,2914080,4633
2025-06-23,34,2,2914080,4330
2025-06-30,34,2,2914080,4365
2025-07-07,34,2,2914080,5247
2025-07-14,34,2,2914080,4976
2025-07-21,34,2,2914080,4870
2025-07-28,34,2,2914080,4558
2025-08-04,34,2,2914080,4554
2025-08-11,34,2,2914080,4305
2025-08-18,34,2,2914080,4424
2025-08-25,34,2,2914080,4491
2025-09-01,34,2,2914080,4176
2025-09-08,34,2,2914080,3652
2025-09-15,34,2,2914080,3632
2025-09-22,34,2,2914080,3959
2025-09-29,34,2,2914080,3507
2025-10-06,34,2,2914080,3488
2025-10-13,34,2,2914080,3034
2025-10-20,34,2,2914080,2748
2025-10-27,34,2,2914080,3113
2025-11-03,34,2,2914080,3181
2025-11-10,34,2,2914080,3122
2025-11-17,34,2,2914080,2457
2025-11-24,34,2,2914080,2396
2025-12-01,34,2,2914080,2602
2025-12-08,34,2,2914080,2295
2025-12-15,34,2,2914080,2322
2025-12-22,34,2,2914080,2586
2024-01-01,35,4,2520993,2268
2024-01-08,35,4,2520993,2424
2024-01-15,35,4,2520993,2270
2024-01-22,35,4,2520993,2297
2024-01-29,35,4,2520993,2311
2024-02-05,35,4,2520993,1815
2024-02-12,35,4,2520993,1729
2024-02-19,35,4,2520993,2118
2024-02-26,35,4,2520993,2086
2024-03-04,35,4,2520993,2353
2024-03-11,35,4,2520993,2521
2024-03-18,35,4,2520993,2871
2024-03-25,35,4,2520993,2596
2024-04-01,35,4,2520993,2810
2024-04-08,35,4,2520993,2885
2024-04-15,35,4,2520993,2791
2024-04-22,35,4,2520993,2738
2024-04-29,35,4,2520993,2976
2024-05-06,35,4,2520993,3273
2024-05-13,35,4,2520993,3357
2024-05-20,35,4,2520993,3441
2024-05-27,35,4,2520993,3350
2024-06-03,35,4,2520993,3311
2024-06-10,35,4,2520993,3187
2024-06-17,35,4,2520993,3180
2024-06-24,35,4,2520993,3496
2024-07-01,35,4,2520993,3751
2024-07-08,35,4,2520993,3348
2024-07-15,35,4,2520993,3168
2024-07-22,35,4,2520993,3086
2024-07-29,35,4,2520993,3202
2024-08-05,35,4,2520993,2807
2024-08-12,35,4,2520993,2746
2024-08-19,35,4,2520993,2548
2024-08-26,35,4,2520993,2880
2024-09-02,35,4,2520993,2968
2024-09-09,35,4,2520993,2890
2024-09-16,35,4,2520993,2660
2024-09-23,35,4,2520993,2637
2024-09-30,35,4,2520993,2568
2024-10-07,35,4,2520993,3017
2024-10-14,35,4,2520993,3141
2024-10-21,35,4,2520993,2819
2024-10-28,35,4,2520993,2767
2024-11-04,35,4,2520993,2876
2024-11-11,35,4,2520993,2592
2024-11-18,35,4,2520993,2241
2024-11-25,35,4,2520993,1921
2024-12-02,35,4,2520993,2292
2024-12-09,35,4,2520993,2260
2024-12-16,35,4,2520993,2329
2024-12-23,35,4,2520993,2217
2024-12-30,35,4,2520993,2015
2025-01-06,35,4,2520993,1918
2025-01-13,35,4,2520993,1810
2025-01-20,35,4,2520993,2167
2025-01-27,35,4,2520993,2566
2025-02-03,35,4,2520993,2589
2025-02-10,35,4,2520993,2312
2025-02-17,35,4,2520993,2553
2025-02-24,35,4,2520993,2922
2025-03-03,35,4,2520993,3160
2025-03-10,35,4,2520993,3139
2025-03-17,35,4,2520993,3104
2025-03-24,35,4,2520993,3155
2025-03-31,35,4,2520993,3540
2025-04-07,35,4,2520993,3735
2025-04-14,35,4,2520993,3600
2025-04-21,35,4,2520993,3519
2025-04-28,35,4,2520993,3461
2025-05-05,35,4,2520993,3268
2025-05-12,35,4,2520993,3864
2025-05-19,35,4,2520993,3663
2025-05-26,35,4,2520993,3927
2025-06-02,35,4,2520993,3765
2025-06-09,35,4,2520993,3714
2025-06-16,35,4,2520993,3798
2025-06-23,35,4,2520993,4072
2025-06-30,35,4,2520993,4001
2025-07-07,35,4,2520993,3657
2025-07-14,35,4,2520993,3786
2025-07-21,35,4,2520993,3608
2025-07-28,35,4,2520993,4215
2025-08-04,35,4,2520993,4037
2025-08-11,35,4,2520993,3763
2025-08-18,35,4,2520993,4374
2025-08-25,35,4,2520993,4381
2025-09-01,35,4,2520993,3862
2025-09-08,35,4,2520993,3513
2025-09-15,35,4,2520993,3611
2025-09-22,35,4,2520993,3525
2025-09-29,35,4,2520993,3665
2025-10-06,35,4,2520993,3314
2025-10-13,35,4,2520993,3402
2025-10-20,35,4,2520993,2694
2025-10-27,35,4,2520993,2710
2025-11-03,35,4,2520993,2590
2025-11-10,35,4,2520993,2529
2025-11-17,35,4,2520993,2553
2025-11-24,35,4,2520993,2832
2025-12-01,35,4,2520993,2512
2025-12-08,35,4,2520993,2068
2025-12-15,35,4,2520993,2009
2025-12-22,35,4,2520993,2405
2024-01-01,36,1,1261534,958
2024-01-08,36,1,1261534,1109
2024-01-15,36,1,1261534,1210
2024-01-22,36,1,1261534,1312
2024-01-29,36,1,1261534,1153
2024-02-05,36,1,1261534,1284
2024-02-12,36,1,1261534,1311
2024-02-19,36,1,1261534,1445
2024-02-26,36,1,1261534,1470
2024-03-04,36,1,1261534,1465
2024-03-11,36,1,1261534,1590
2024-03-18,36,1,1261534,1653
2024-03-25,36,1,1261534,1741
2024-04-01,36,1,1261534,1637
2024-04-08,36,1,1261534,1611
2024-04-15,36,1,1261534,1409
2024-04-22,36,1,1261534,1419
2024-04-29,36,1,1261534,1609
2024-05-06,36,1,1261534,1728
2024-05-13,36,1,1261534,1611
2024-05-20,36,1,1261534,1846
2024-05-27,36,1,1261534,2258
2024-06-03,36,1,1261534,2007
2024-06-10,36,1,1261534,1930
2024-06-17,36,1,1261534,1815
2024-06-24,36,1,1261534,1809
2024-07-01,36,1,1261534,1856
2024-07-08,36,1,1261534,1744
2024-07-15,36,1,1261534,1721
2024-07-22,36,1,1261534,1751
2024-07-29,36,1,1261534,1818
2024-08-05,36,1,1261534,1996
2024-08-12,36,1,1261534,1898
2024-08-19,36,1,1261534,1743
2024-08-26,36,1,1261534,1795
2024-09-02,36,1,1261534,1777
2024-09-09,36,1,1261534,1673
2024-09-16,36,1,1261534,1674
2024-09-23,36,1,1261534,1554
2024-09-30,36,1,1261534,1442
2024-10-07,36,1,1261534,1196
2024-10-14,36,1,1261534,1200
2024-10-21,36,1,1261534,1035
2024-10-28,36,1,1261534,1037
2024-11-04,36,1,1261534,1158
2024-11-11,36,1,1261534,1020
2024-11-18,36,1,1261534,1053
2024-11-25,36,1,1261534,1096
2024-12-02,36,1,1261534,1094
2024-12-09,36,1,1261534,1069
2024-12-16,36,1,1261534,1128
2024-12-23,36,1,1261534,1185
2024-12-30,36,1,1261534,1186
2025-01-06,36,1,1261534,1153
2025-01-13,36,1,1261534,1260
2025-01-20,36,1,1261534,1134
2025-01-27,36,1,1261534,1252
2025-02-03,36,1,1261534,1321
2025-02-10,36,1,1261534,1362
2025-02-17,36,1,1261534,1382
2025-02-24,36,1,1261534,1203
2025-03-03,36,1,1261534,1455
2025-03-10,36,1,1261534,1592
2025-03-17,36,1,1261534,1490
2025-03-24,36,1,1261534,1643
2025-03-31,36,1,1261534,1697
2025-04-07,36,1,1261534,1646
2025-04-14,36,1,1261534,1865
2025-04-21,36,1,1261534,1809
2025-04-28,36,1,1261534,2037
2025-05-05,36,1,1261534,2093
2025-05-12,36,1,1261534,2207
2025-05-19,36,1,1261534,2239
2025-05-26,36,1,1261534,2261
2025-06-02,36,1,1261534,2231
2025-06-09,36,1,1261534,2062
2025-06-16,36,1,1261534,2068
2025-06-23,36,1,1261534,2210
2025-06-30,36,1,1261534,2275
2025-07-07,36,1,1261534,2280
2025-07-14,36,1,1261534,1857
2025-07-21,36,1,1261534,1859
2025-07-28,36,1,1261534,1835
2025-08-04,36,1,1261534,1685
2025-08-11,36,1,1261534,1883
2025-08-18,36,1,1261534,1559
2025-08-25,36,1,1261534,1756
2025-09-01,36,1,1261534,1946
2025-09-08,36,1,1261534,1837
2025-09-15,36,1,1261534,1767
2025-09-22,36,1,1261534,1846
2025-09-29,36,1,1261534,1653
2025-10-06,36,1,1261534,1693
2025-10-13,36,1,1261534,1507
2025-10-20,36,1,1261534,1335
2025-10-27,36,1,1261534,1389
2025-11-03,36,1,1261534,1378
2025-11-10,36,1,1261534,1171
2025-11-17,36,1,1261534,1373
2025-11-24,36,1,1261534,1306
2025-12-01,36,1,1261534,1356
2025-12-08,36,1,1261534,1505
2025-12-15,36,1,1261534,1466
2025-12-22,36,1,1261534,1550
2024-01-01,37,6,744180,453
2024-01-08,37,6,744180,456
2024-01-15,37,6,744180,497
2024-01-22,37,6,744180,539
2024-01-29,37,6,744180,522
2024-02-05,37,6,744180,628
2024-02-12,37,6,744180,610
2024-02-19,37,6,744180,583
2024-02-26,37,6,744180,648
2024-03-04,37,6,744180,544
2024-03-11,37,6,744180,588
2024-03-18,37,6,744180,599
2024-03-25,37,6,744180,687
2024-04-01,37,6,744180,714
2024-04-08,37,6,744180,715
2024-04-15,37,6,744180,748
2024-04-22,37,6,744180,683
2024-04-29,37,6,744180,751
2024-05-06,37,6,744180,672
2024-05-13,37,6,744180,716
2024-05-20,37,6,744180,730
2024-05-27,37,6,744180,635
2024-06-03,37,6,744180,677
2024-06-10,37,6,744180,720
2024-06-17,37,6,744180,693
2024-06-24,37,6,744180,652
2024-07-01,37,6,744180,712
2024-07-08,37,6,744180,744
2024-07-15,37,6,744180,755
2024-07-22,37,6,744180,746
2024-07-29,37,6,744180,702
2024-08-05,37,6,744180,832
2024-08-12,37,6,744180,768
2024-08-19,37,6,744180,687
2024-08-26,37,6,744180,678
2024-09-02,37,6,744180,653
2024-09-09,37,6,744180,623
2024-09-16,37,6,744180,708
2024-09-23,37,6,744180,610
2024-09-30,37,6,744180,595
2024-10-07,37,6,744180,529
2024-10-14,37,6,744180,504
2024-10-21,37,6,744180,582
2024-10-28,37,6,744180,567
2024-11-04,37,6,744180,553
2024-11-11,37,6,744180,491
2024-11-18,37,6,744180,467
2024-11-25,37,6,744180,537
2024-12-02,37,6,744180,532
2024-12-09,37,6,744180,497
2024-12-16,37,6,744180,502
2024-12-23,37,6,744180,500
2024-12-30,37,6,744180,459
2025-01-06,37,6,744180,451
2025-01-13,37,6,744180,547
2025-01-20,37,6,744180,548
2025-01-27,37,6,744180,476
2025-02-03,37,6,744180,511
2025-02-10,37,6,744180,573
2025-02-17,37,6,744180,531
2025-02-24,37,6,744180,525
2025-03-03,37,6,744180,609
2025-03-10,37,6,744180,612
2025-03-17,37,6,744180,611
2025-03-24,37,6,744180,557
2025-03-31,37,6,744180,641
2025-04-07,37,6,744180,643
2025-04-14,37,6,744180,544
2025-04-21,37,6,744180,507
2025-04-28,37,6,744180,538
2025-05-05,37,6,744180,534
2025-05-12,37,6,744180,541
2025-05-19,37,6,744180,737
2025-05-26,37,6,744180,783
2025-06-02,37,6,744180,622
2025-06-09,37,6,744180,643
2025-06-16,37,6,744180,671
2025-06-23,37,6,744180,606
2025-06-30,37,6,744180,679
2025-07-07,37,6,744180,575
2025-07-14,37,6,744180,686
2025-07-21,37,6,744180,779
2025-07-28,37,6,744180,892
2025-08-04,37,6,744180,739
2025-08-11,37,6,744180,641
2025-08-18,37,6,744180,684
2025-08-25,37,6,744180,733
2025-09-01,37,6,744180,740
2025-09-08,37,6,744180,752
2025-09-15,37,6,744180,768
2025-09-22,37,6,744180,714
2025-09-29,37,6,744180,652
2025-10-06,37,6,744180,552
2025-10-13,37,6,744180,528
2025-10-20,37,6,744180,514
2025-10-27,37,6,744180,467
2025-11-03,37,6,744180,470
2025-11-10,37,6,744180,428
2025-11-17,37,6,744180,482
2025-11-24,37,6,744180,491
2025-12-01,37,6,744180,462
2025-12-08,37,6,744180,466
2025-12-15,37,6,744180,422
2025-12-22,37,6,744180,395
2024-01-01,38,0,2210582,1603
2024-01-08,38,0,2210582,1620
2024-01-15,38,0,2210582,1759
2024-01-22,38,0,2210582,1664
2024-01-29,38,0,2210582,1848
2024-02-05,38,0,2210582,1893
2024-02-12,38,0,2210582,1868
2024-02-19,38,0,2210582,2129
2024-02-26,38,0,2210582,2095
2024-03-04,38,0,2210582,1999
2024-03-11,38,0,2210582,2047
2024-03-18,38,0,2210582,1997
2024-03-25,38,0,2210582,2131
2024-04-01,38,0,2210582,2412
2024-04-08,38,0,2210582,2407
2024-04-15,38,0,2210582,2441
2024-04-22,38,0,2210582,2617
2024-04-29,38,0,2210582,2840
2024-05-06,38,0,2210582,2695
2024-05-13,38,0,2210582,2729
2024-05-20,38,0,2210582,2897
2024-05-27,38,0,2210582,2928
2024-06-03,38,0,2210582,2488
2024-06-10,38,0,2210582,2794
2024-06-17,38,0,2210582,2915
2024-06-24,38,0,2210582,3016
2024-07-01,38,0,2210582,2688
2024-07-08,38,0,2210582,2752
2024-07-15,38,0,2210582,2943
2024-07-22,38,0,2210582,2684
2024-07-29,38,0,2210582,2551
2024-08-05,38,0,2210582,2768
2024-08-12,38,0,2210582,2572
2024-08-19,38,0,2210582,2519
2024-08-26,38,0,2210582,2293
2024-09-02,38,0,2210582,2701
2024-09-09,38,0,2210582,2694
2024-09-16,38,0,2210582,2515
2024-09-23,38,0,2210582,2337
2024-09-30,38,0,2210582,2053
2024-10-07,38,0,2210582,2043
2024-10-14,38,0,2210582,2152
2024-10-21,38,0,2210582,1956
2024-10-28,38,0,2210582,1958
2024-11-04,38,0,2210582,1868
2024-11-11,38,0,2210582,2065
2024-11-18,38,0,2210582,1880
2024-11-25,38,0,2210582,1955
2024-12-02,38,0,2210582,2088
2024-12-09,38,0,2210582,1922
2024-12-16,38,0,2210582,1778
2024-12-23,38,0,2210582,1894
2024-12-30,38,0,2210582,1601
2025-01-06,38,0,2210582,1715
2025-01-13,38,0,2210582,1521
2025-01-20,38,0,2210582,1798
2025-01-27,38,0,2210582,1796
2025-02-03,38,0,2210582,1836
2025-02-10,38,0,2210582,1785
2025-02-17,38,0,2210582,1630
2025-02-24,38,0,2210582,1998
2025-03-03,38,0,2210582,2050
2025-03-10,38,0,2210582,2701
2025-03-17,38,0,2210582,2488
2025-03-24,38,0,2210582,2383
2025-03-31,38,0,2210582,2277
2025-04-07,38,0,2210582,2361
2025-04-14,38,0,2210582,2804
2025-04-21,38,0,2210582,3034
2025-04-28,38,0,2210582,2675
2025-05-05,38,0,2210582,3032
2025-05-12,38,0,2210582,3191
2025-05-19,38,0,2210582,3273
2025-05-26,38,0,2210582,3065
2025-06-02,38,0,2210582,2941
2025-06-09,38,0,2210582,3040
2025-06-16,38,0,2210582,2942
2025-06-23,38,0,2210582,3339
2025-06-30,38,0,2210582,3138
2025-07-07,38,0,2210582,2651
2025-07-14,38,0,2210582,2466
2025-07-21,38,0,2210582,2345
2025-07-28,38,0,2210582,2492
2025-08-04,38,0,2210582,2697
2025-08-11,38,0,2210582,2783
2025-08-18,38,0,2210582,2919
2025-08-25,38,0,2210582,2823
2025-09-01,38,0,2210582,2744
2025-09-08,38,0,2210582,3107
2025-09-15,38,0,2210582,3202
2025-09-22,38,0,2210582,3066
2025-09-29,38,0,2210582,3052
2025-10-06,38,0,2210582,2442
2025-10-13,38,0,2210582,2230
2025-10-20,38,0,2210582,2144
2025-10-27,38,0,2210582,1998
2025-11-03,38,0,2210582,1754
2025-11-10,38,0,2210582,1922
2025-11-17,38,0,2210582,2186
2025-11-24,38,0,2210582,2119
2025-12-01,38,0,2210582,2174
2025-12-08,38,0,2210582,2097
2025-12-15,38,0,2210582,1980
2025-12-22,38,0,2210582,2119
2024-01-01,39,4,1600381,1073
2024-01-08,39,4,1600381,905
2024-01-15,39,4,1600381,916
2024-01-22,39,4,1600381,1001
2024-01-29,39,4,1600381,1041
2024-02-05,39,4,1600381,1119
2024-02-12,39,4,1600381,1142
2024-02-19,39,4,1600381,1147
2024-02-26,39,4,1600381,1159
2024-03-04,39,4,1600381,1299
2024-03-11,39,4,1600381,1377
2024-03-18,39,4,1600381,1418
2024-03-25,39,4,1600381,1428
2024-04-01,39,4,1600381,1379
2024-04-08,39,4,1600381,1380
2024-04-15,39,4,1600381,1550
2024-04-22,39,4,1600381,1675
2024-04-29,39,4,1600381,1582
2024-05-06,39,4,1600381,1614
2024-05-13,39,4,1600381,1697
2024-05-20,39,4,1600381,1756
2024-05-27,39,4,1600381,1803
2024-06-03,39,4,1600381,1636
2024-06-10,39,4,1600381,1509
2024-06-17,39,4,1600381,1742
2024-06-24,39,4,1600381,1954
2024-07-01,39,4,1600381,1687
2024-07-08,39,4,1600381,1699
2024-07-15,39,4,1600381,1819
2024-07-22,39,4,1600381,1480
2024-07-29,39,4,1600381,1394
2024-08-05,39,4,1600381,1461
2024-08-12,39,4,1600381,1430
2024-08-19,39,4,1600381,1506
2024-08-26,39,4,1600381,1709
2024-09-02,39,4,1600381,1539
2024-09-09,39,4,1600381,1523
2024-09-16,39,4,1600381,1451
2024-09-23,39,4,1600381,1446
2024-09-30,39,4,1600381,1414
2024-10-07,39,4,1600381,1672
2024-10-14,39,4,1600381,1702
2024-10-21,39,4,1600381,1384
2024-10-28,39,4,1600381,1231
2024-11-04,39,4,1600381,1132
2024-11-11,39,4,1600381,1013
2024-11-18,39,4,1600381,915
2024-11-25,39,4,1600381,954
2024-12-02,39,4,1600381,926
2024-12-09,39,4,1600381,891
2024-12-16,39,4,1600381,1121
2024-12-23,39,4,1600381,1046
2024-12-30,39,4,1600381,1016
2025-01-06,39,4,1600381,1102
2025-01-13,39,4,1600381,1064
2025-01-20,39,4,1600381,981
2025-01-27,39,4,1600381,1010
2025-02-03,39,4,1600381,1246
2025-02-10,39,4,1600381,1197
2025-02-17,39,4,1600381,1131
2025-02-24,39,4,1600381,1224
2025-03-03,39,4,1600381,1231
2025-03-10,39,4,1600381,1567
2025-03-17,39,4,1600381,1451
2025-03-24,39,4,1600381,1659
2025-03-31,39,4,1600381,1762
2025-04-07,39,4,1600381,1671
2025-04-14,39,4,1600381,1661
2025-04-21,39,4,1600381,1537
2025-04-28,39,4,1600381,1518
2025-05-05,39,4,1600381,1532
2025-05-12,39,4,1600381,1624
2025-05-19,39,4,1600381,1481
2025-05-26,39,4,1600381,1624
2025-06-02,39,4,1600381,1666
2025-06-09,39,4,1600381,1777
2025-06-16,39,4,1600381,1879
2025-06-23,39,4,1600381,1839
2025-06-30,39,4,1600381,1914
2025-07-07,39,4,1600381,1879
2025-07-14,39,4,1600381,1971
2025-07-21,39,4,1600381,1965
2025-07-28,39,4,1600381,1934
2025-08-04,39,4,1600381,1862
2025-08-11,39,4,1600381,1999
2025-08-18,39,4,1600381,1956
2025-08-25,39,4,1600381,1676
2025-09-01,39,4,1600381,1588
2025-09-08,39,4,1600381,1547
2025-09-15,39,4,1600381,1535
2025-09-22,39,4,1600381,1535
2025-09-29,39,4,1600381,1385
2025-10-06,39,4,1600381,1375
2025-10-13,39,4,1600381,1327
2025-10-20,39,4,1600381,1438
2025-10-27,39,4,1600381,1274
2025-11-03,39,4,1600381,1258
2025-11-10,39,4,1600381,1169
2025-11-17,39,4,1600381,1356
2025-11-24,39,4,1600381,1414
2025-12-01,39,4,1600381,1171
2025-12-08,39,4,1600381,1084
2025-12-15,39,4,1600381,1177
2025-12-22,39,4,1600381,1204
